0.0275640784431224,0.00552588438253663,0.00467868350761039,0.0520136096661944,0.00389695424822961,0.0859011081684562,3.31121629175551e-05,0.0238535248496652,0.00417942336126352,0.0123910161166754,0.0519628782512122,0.0109536127346743,0.0281837605150411,0.0107844243076861,0.00778659077580444,0.0326156803197055,0.00789104451795854,0.0197229729151695,0.00118996816212722,0.0915939033231309,7.30395949835317e-06,0.0243761403101071,0.0151166091872457,0.00392018152023786,0.0164578290668351,0.0365309683611747,0.0102112451674252,0.000412561820607861,7.59804609422317e-05,0.0210320529659098,0.0403787820622089,0.011143594993456,0.0083958616213149,0.0555070931465573,0.00243061841235744,0.0206663657614761,0.00109638371551977,0.0114108776122742,0.0274273044083119,0.0204414962495318,0.00903668699739796,0.079993863707802,0.0136282759946454,0.00462747508149666,0.00413452077336526,0.00182557831472302,0.0026343658209025,0.048173666614138,0.0112172075739793,0.0149668775893771
0.0072125407774963,0.0362831416779769,0.00457469453435393,0.060006436675347,0.0105781928309879,0.0317576241261758,0.0246415185307741,0.00264754370089722,0.00627276176930607,0.0388494493371263,0.00666125625564971,0.0185834740208323,0.0408416300483672,0.0336498036128906,0.0133706256050077,0.012011361083877,0.0102528506121883,0.0565823683226185,0.0127035238149071,0.0110747725801548,0.010197449969679,0.0183118351645332,0.0358609775297181,0.028960453852287,0.0125640007555296,0.0361244866941225,0.0103541233279956,0.0326618606635537,0.00899897047216494,0.0307463338067536,0.0121295507165045,0.0141580246190356,0.00154987041840726,0.00179968381556205,0.00255950320074655,0.0182483747113509,0.0348236637996856,0.0224158050650788,0.019880447152914,0.00539432558649674,0.143755676224285,0.00275555245371842,0.00895711465165696,0.00204310828843066,0.0218691082744315,0.0040806682797341,0.00822673929852271,0.0038919880234762,0.00100418186519223,0.00712055140149808
0.0251245061458473,0.00371114340511169,0.00335951017411051,0.00365891835322344,0.0464385676606518,0.04171354233624,0.0028641440440232,0.0258829861053914,0.00487105336897193,0.0742794368013877,0.0191817432689293,0.00940214308551579,0.0452114648144404,0.0001463819753591,0.0234712048107709,0.027368197108438,0.00346211150074314,0.0128110310118963,0.00154323908582138,0.0771433604441873,0.000237697055268722,0.0116662401193827,0.0309026728159335,0.00180852944812815,0.00740010629626501,0.000211625659740267,0.000104057678939703,0.0208062438173547,0.0183628458015598,0.0141559987033205,0.0110426302904642,0.0149618943535735,0.000852081680722949,0.00975507097099197,0.0483344527456532,0.00578177645113657,0.0399536482575509,0.0249974599324994,0.058265878337694,0.0595926529842544,0.0378043729296183,0.00664272317547649,0.012762911253925,0.00681918785684083,0.0195519370436773,0.00725204772538191,0.011568172769894,0.0104440574116517,0.054105094554731,0.00221124637730868
0.0161039385790558,0.00344073129126379,0.0284404705822263,0.00922173427108429,0.00239945803612223,0.00224314042331505,0.0104440418433254,0.0377749061581352,0.033953927896553,0.0214880820657513,0.0128471744417262,0.00914804775404203,0.000650065239781668,0.0263179413392349,0.0220062825042107,0.0204757062131616,0.0389211907870922,0.0202434247467674,0.0146590207489107,0.0570293365538826,0.00208713368999968,0.0169000923429172,0.0167629738048994,0.0103428499080873,0.0241917862135797,0.0102579343942658,0.00977190635725442,0.0505846806735961,0.011943872846249,0.00840538346252218,0.0347366326625436,0.043956668370275,0.0735896002606989,0.0754981741742049,0.00569412028010203,0.0174536260721495,0.00124093090927244,0.00230059672121582,0.00913276355256212,0.00910350561632856,0.0337240114335967,0.000180541955834649,0.000724416565523245,0.0435935334196436,0.0168093824440577,0.0451427781676139,0.0199088723852002,0.00380320460408196,0.00321564625698142,0.011133758979101
0.0518162227080716,0.0506368440555875,0.00631268123752908,0.00842250060750738,0.0499422439043036,0.0384809674252421,0.0115660515069508,0.0216629452289188,0.116264421903755,0.000947740856294823,0.0112873542290159,0.00381676918509712,0.00892505909468797,0.0192075864100583,0.00360195903768005,0.0108106965068282,0.0113795417409228,0.00412206164510552,0.00684865681914978,0.013651013957836,0.0129979611802179,0.00484187823558694,0.0186470624730273,0.0352049233943574,0.0333109651688942,0.019765091650025,0.0548669839581378,0.0204324315859041,0.0391882128355049,0.0171967161927475,0.00926870880836519,0.000954641002831365,0.0444315813304296,0.0136446590295587,0.0160425642816975,0.00493651331940913,0.0274542824883946,0.0413775114733492,0.0290433659578701,0.00379513296574446,0.00372677403949712,0.0144586385519506,0.00108742096037436,0.0119178857181068,0.00152848765621386,0.0207377831513695,0.0293482963281866,0.000477028779614164,0.00129386616895514,0.0183193132531361
0.0185542074074512,0.00799041468812858,0.0107494588608247,0.0283935741588934,0.00295135235362032,0.0152526783816369,0.0498444167076205,0.0260293859991285,0.00335348322989142,0.0446240694441329,0.0153647222358834,0.00177736982289493,0.00515287919556211,0.0141638900442486,0.0185182568705084,0.0196308849390799,0.0494922060097952,0.00731462641309486,0.0129329367285933,0.00810586128877028,0.00768611647391344,0.0180811714825867,0.00917504704259255,0.0441689345293499,0.0438116738163913,0.0731399989834802,0.074884595422886,0.00253277606004386,0.0329414953453364,0.00345645186126,0.00539285394145044,0.0127493735340576,0.0533704906569741,0.0137731913166693,0.0267347871893926,0.00251215834930778,0.00346962777930179,0.004809250576007,0.00475460608878145,0.0109900926674329,0.0211883396686313,0.011233695776157,0.015605748396057,0.00570550880005347,0.0323257629163208,0.00196129755017196,0.00241269275057494,0.0263963180995607,0.0428105611895502,0.0317287069559473
0.00174737606657541,0.00856153344337037,0.000288321404548992,0.0122466650436613,0.00658327871215538,0.0151412517117729,0.00084827337001015,0.0015063245595184,0.048199841880881,0.0194943397494825,0.0127587885557602,0.00245096649799888,0.00683230810771627,0.0067933840368519,0.00686550064062753,0.0379938052797487,0.0992307093107744,0.0135361283294612,0.0562436601638299,0.00955597122830631,0.024452346514677,0.00498787013550724,0.0261290558797314,0.0829751389518211,0.0450631416010392,0.00709175728218522,0.0304353440844948,0.00637081250613956,0.0582874310928174,0.0471970739869688,0.0469332330424168,0.016273527139656,0.0115126913537433,0.01462453815278,0.00500176159155255,0.00840893687953971,0.00293581277232026,0.0067513217687641,0.0189747143477096,0.0146391324357562,0.00784431982552166,0.0256141785545001,0.0231524516106713,0.0203203899506449,0.016173100487982,0.021378132094849,0.000680041464578225,0.0305085986799099,0.00775952291011097,0.000645194808560217
0.0289671715800448,0.0141238235138601,0.0297279711094813,0.000358400311492371,0.0128394050029905,0.0238363655575428,0.0108021670826296,0.0177031026189001,0.00211694479988577,0.026555448835573,0.0280978772528108,0.01540436461336,0.00178267565055495,0.00514676933818719,0.0150047198420273,0.00672691016933911,0.0157010946985769,0.0179540718839057,0.00825440970337206,0.00694289437375054,0.00571292939076047,0.0673355901709974,0.0113716278429943,0.0294296352229197,0.00326927641410369,0.0300998155471192,0.0167814594303192,0.00259104881564305,0.0242320466353551,0.00978688765172656,0.0967820721638305,0.0509805976035518,0.003997177580362,0.0370918851527124,0.0217419388760431,0.0275068798287712,0.00366771840374334,0.0192721150011879,0.000412169034236401,0.0182641388014914,0.0333998747222517,0.0572256700319282,0.00184212992867045,0.00567581297372097,0.040827909803627,0.00832057468983426,0.0272771171569674,0.00329490395715816,0.0183232515818253,0.0354391576478629
0.000265983149751757,0.0296510541384861,0.0147595928331177,0.0337964912723536,0.038870132217326,0.125660303820889,0.02462412789267,0.0410815923525124,0.00380666812389637,0.00685874683770122,0.0110924442027249,0.0209555052870379,0.0243702461667516,0.0244831941980371,0.0156572374555141,0.00556627844754477,0.0171196708758337,0.0156430353389319,0.00704309266701587,0.0184065637624397,0.000180434218215362,0.00245264726874286,0.0329204822230778,0.0189470082177537,0.0253217254188477,0.0313344867969297,0.0419616741004526,0.00411922569601879,0.0139010732998646,0.0629391623734269,0.00170362091351845,0.00291394202319341,0.0134069883150963,0.0451378737852093,0.0333883497682486,0.0254976023466752,0.00919351800886883,0.0022836741778397,0.0254100508158012,0.00680739311880614,0.00248310192526475,0.00617020011092244,0.00408520984117011,0.00763955285930579,0.00625766197404528,0.0367346121379164,0.00872762009413734,0.00310871855191991,0.041443720926611,0.00381670765158387
0.00610497276939359,0.00942164680082563,0.00452874068239584,0.00211425103211187,0.025965210541614,0.0574568490825204,0.0292723191435732,0.0704240915632605,0.00333354266189185,0.000301480007401008,0.0335228695714761,0.00811965068595237,0.0466230654453865,0.0215852979433196,0.0110104537637802,0.00176861213315695,0.0814235211185667,0.000407024682663932,0.0604534706612064,0.0107989279443709,0.0307254794188074,0.0269550519910293,0.0128470348002713,0.00110943762780631,0.0181130408135328,0.0049621322437145,0.0759391657636494,0.0391976318307798,0.00334261872310096,0.0115061735776789,0.00721849392635885,0.00774941910161363,0.0122661039077148,0.00605553966755225,0.0104328892678096,0.0103659154100352,0.00180862422297073,0.000817270804531832,0.00144093965174481,0.0304765814709176,0.0210284159960263,0.0260770246585493,0.0109045813149578,0.011290531668387,0.0158071911252935,0.02172839248757,0.0478819298940438,0.0159389078006131,0.0152062436649194,0.0161712389331518
0.0374650307477007,0.0115101607641622,0.0118877355594246,0.00755734173016205,0.00168644463233982,0.109396967078094,0.0201512508723046,0.0167438017122909,0.00355098386602392,0.00391612507972779,0.0181004604109045,0.0232963712626053,0.00850100191059096,0.0329813096081898,0.0595483711718209,0.0712472799451422,0.0337561419245889,0.0259991362645202,0.0194684914433816,0.00995029040737328,0.0172283691115992,0.00520096108042134,0.0246287329023947,0.00824042210910634,0.0161431205081334,0.0380253243404379,0.00506641773635668,0.0185666549467222,0.00543859474588271,0.0132103662555379,0.00466684064674755,0.00831603773224076,0.0129802649074587,0.0302687155041672,0.00664661440148491,0.00510192460403345,0.0133505924311483,0.0337944202903766,0.032547068959791,0.00470452359122401,0.0128445076284024,0.0676669317308901,0.0208238484711029,0.0136905558159895,0.00759612144204615,0.0225657443692447,0.0103303980823248,0.00241695861581868,0.0017041665527499,0.00952010409481774
0.017001582640702,0.0168935474195666,0.0296055547204805,0.0223143307012286,0.00804451133833281,0.00624560155035025,0.0178977609198897,0.0121641803889616,0.0060762615023483,0.0185361519825136,0.0269521251259692,0.00652980168586837,0.00993605638547239,0.0533121447147668,0.0147095451688958,0.0298670618904106,0.0557403025716189,0.00711359322887306,0.00553476264048246,0.0484271869014534,0.00828083121619936,0.0120686543412035,0.0085026412573427,0.0133804445441423,0.0193413335417621,0.000238968026908655,0.0402752993981024,0.0117988429076879,0.00130050755768719,0.0327960148754131,0.0850753250022735,0.00756556281442632,0.000493790747740369,0.00952354807982523,0.0302583489725701,0.00395958199389372,0.0288546474455603,0.0188610431628409,0.0179419356477367,0.0266990066924136,0.00554518557751018,0.0190748890886553,0.0306239702101215,0.040543770345462,0.00199684440724155,0.018194139438805,0.0227680074274665,0.0512091658224995,0.0134739781386908,0.00645165783963282
0.00902781805263916,0.0310566248274734,0.020996363664259,0.0317143792351866,0.0115540501922513,0.0211753156006401,0.00343588148977511,0.0379085845563419,0.0601330203115512,0.0269427485923196,0.0204584892209925,0.0070580953161318,0.0101544653826521,0.00167402407177619,0.00601282086544872,0.0125407501192292,0.00683628326961534,0.00440429878120439,0.0121346896715019,0.00733388923193784,0.0171152843718692,0.00186178370027546,0.094038962829903,0.00213465127004331,0.00876050008835231,0.00263066050581377,0.0164438846083781,0.0219080602374611,0.0123583242776117,0.0027080517709831,0.0116475143587706,0.0145347265559263,0.025928680629427,0.021308788659579,0.0154685449193272,0.028035959925275,0.0247045275058639,0.0651790851299539,0.0323842477960055,0.0194596503071825,0.0609846315868341,0.0373609906034269,0.00404075989468327,0.00538115599519553,0.00246894827654709,0.00398292211602596,0.0566477927144683,0.00783985993955526,0.028179666141433,0.0119487908309013
0.0356599056329288,0.00134477880858834,0.0194836585362511,0.0489720373187433,0.0478312304611083,0.0105735348720177,0.0210298641382663,0.0197065626849423,0.0143421647523236,0.001054328876244,0.0249785336227207,0.0110503237902013,0.0189204734169646,0.00274444913208563,0.00581393093818743,0.0181223550795526,0.0139185775812548,0.0015858173534195,0.00242697227372497,0.00500386722092659,0.0523561664825516,0.0150082974530721,0.0325822905866609,0.0224890402325611,0.00905781772187315,0.0233253319891458,0.0104605231468517,0.00630470200883959,0.0175399631969488,0.0459668314179837,0.0178520239840932,0.0124861974926934,0.111283028220753,0.00641088713811082,0.0265039150011995,0.000223363140901205,0.0394254593788819,0.0112556866772577,0.0301257420552532,0.0136666039062338,0.0261224554213889,0.00219208086018698,0.00719514429106284,0.0607162802805451,0.0117205788242973,0.00170047959540905,0.0272777459197824,0.00508508502397323,0.0238935337073423,0.00520937835369402
0.0095544633465378,8.02206871226633e-05,0.0265519100130309,0.00518404756883303,0.00584324268486239,0.04802197788406,0.0109317165460874,0.0446066237731078,0.0411192827753401,0.0223327982904589,0.01014330044034,0.00609900329109679,0.052749806783447,0.0348528744567615,0.0120081572150755,0.00418598761073428,0.0521060618545465,0.00294753765474808,0.0097902312644141,0.0132204223677322,0.00931312268272765,0.0209872467892605,0.0516467738519279,0.000747444415655305,0.0300449285770099,0.000399713876099934,0.00294216524025012,0.0312228338936989,0.00358241148424969,0.0136118605083619,0.0859373626670733,0.0262936177799928,0.00338896325275191,0.00223854409357816,0.0237702605377245,0.0129214503544983,0.000800587796438782,0.00981069671802276,0.0285509153961438,0.0214932007534029,0.0520128351382234,0.0260846793848202,0.000474428604436709,0.0174784484389339,0.00414006801354248,0.0200330987883634,0.018873742451053,0.0670438695243983,0.000715263750716862,0.00110979872830568
0.0062955855999468,0.00213892944916802,0.0209312779704269,0.059772845276555,0.0445130553326349,0.00626552531058915,0.0137875189879999,0.0294729940659544,0.0338406149727363,0.00199796210619083,0.0653196894659289,0.00747057012446061,0.00853847336344623,0.0235984686905401,0.045080282268001,0.018168033174998,0.0473276514762494,0.0233764078244952,0.00542448181839221,0.00388002194243933,0.0122329537084476,0.0278191509018747,0.00852217035251284,2.37086686041514e-06,0.0114368812755601,0.0290873465356967,0.0300531504491784,0.025242653828548,0.0130999991258008,0.0244065023089247,0.0176758778899916,0.00455885109387157,0.00142542250766007,0.000264077627262824,0.0280028044173001,0.00927847428039889,0.0262880926334109,0.00696482088503194,0.0647151222907297,0.0028952785413083,0.0192252543617387,0.0280365752487644,0.0176389303215852,0.0334283849686471,0.0180025782524609,0.0338981589388158,0.00608439372114311,0.00591555218729617,0.0136408634658926,0.0129569177921325
0.0256906536034532,0.0115231456859304,0.0489824075545771,0.0161628077781876,0.00238973891606305,0.000394781770163987,0.0521734157388774,0.0160276453668473,0.00287915526611499,0.0276039507815101,0.00761603398269653,0.0255243612492135,0.0561241400482033,0.00282625760590793,0.0424087691337493,0.00251200817688666,0.0267386899632949,0.000722763308784941,0.0148146372089681,0.0202631501886265,0.0124617915158819,0.029720202298098,0.0109673936917887,0.0555429903857572,0.00751971350146585,0.0056873723326312,0.0106050127003466,0.00157361190263691,0.0297836880593045,0.068587212160988,0.0197571183774492,0.0183387934317813,0.0661565389740533,0.0163374247428998,0.00718665830810734,0.0364979859707585,0.0439374662848157,0.0015674345591825,0.0183134674567572,0.00452140150080712,0.0251802211240477,0.00116538192048526,0.0176107715116493,0.0113488838126415,0.00941243473605749,0.0107622181062775,0.0105782013270316,0.00983713923903109,0.0233416279230918,0.0123213288161191
0.0103512441274589,0.0208817731605313,0.0097726907402643,0.0280218865832276,0.0173808440250109,0.0127416481993378,0.00145841191396225,0.00180467271849498,0.043258987708406,0.0164476837303522,0.0221791450196485,0.0632865375885525,0.0269656589476937,0.00592323709186168,0.0756616194719175,0.0294809381051119,0.0060630123597511,0.00984591831637329,0.0424760288966612,0.00511239900245052,0.0496916170011573,0.0301233385805809,0.0215511618688639,0.00299307725354652,0.006286117602244,0.00890828059018313,0.0312918162711072,0.00291706250858383,0.0360707676804314,0.0071468393190323,0.0476639675759954,0.0166896559340772,0.000748063030098204,0.00209835406539665,0.0132622072514082,0.028597258168621,0.0244606192894878,0.00276515623873962,0.00491565950851162,0.000125998691068127,0.00939464604549316,0.0388972326720471,0.0233471881883957,0.0144419234831272,0.0155833788649749,0.00721279372778046,0.00111205431740161,0.0145009207907928,0.0838568162697115,0.00423168950407325
0.00213911404369486,0.0238077699099874,0.0141571651787081,0.0180178965324737,0.00390625309342826,0.041604247999858,0.00873782577867502,0.00215781469031843,0.0285725374474716,0.00994239139873234,0.0166668266650163,0.0214480801503317,0.0214303273664194,0.051693289670261,0.0554853003710216,0.0146651949853843,0.00652529629427494,0.0228995216525745,0.00505799005832085,0.044924749940122,0.00607393924825987,0.0541551693244853,0.00341103117964216,0.0687670002935954,0.005061415262923,0.00685697225151896,0.0451545882846167,0.00530278484440087,0.103506119369591,0.0050447843080265,0.0104495593545071,0.0113706080111906,0.0484799628367927,0.0179085973945434,0.00536061799849017,0.00697608292627216,0.0130098156684367,0.00706530310938401,0.0156691013212727,0.00843115802999756,0.00395705600035471,0.0108848280495994,0.0100968996892687,0.0275312788711499,0.00707295074962223,0.0179307843209124,0.000522911003278246,0.0420540189465903,0.00816136171555294,0.00989370640865037
0.0439455448929673,0.0506397914361081,0.00169996737486386,0.0558023382813506,0.0681635706292963,0.0633197142506387,0.0195925916237707,0.00709415949955826,0.00517257555103706,0.00260595990240054,0.00197901759871601,0.00928529746484933,0.00900694849603402,0.0156729144853546,0.001805199370598,0.0170927158235772,0.0119316240471277,0.00391558912682694,0.0224837945704357,0.0168476549465637,0.00777741983578939,0.0126752188367535,0.00553333688619489,0.0446718971980755,0.0235277035930232,0.0159655269519324,0.0273913912672935,0.00909919479466343,0.0191184101863045,0.0104402327433609,0.00195977013223596,0.00446018022993979,0.00669480365028419,0.00452938609752215,0.00579695024603394,0.0568449411310387,0.0349148889283949,0.0282309024293845,0.0269591571360876,0.00584498938828953,0.0190784503455496,0.021318242521245,0.121371766616359,0.0128497472478366,0.00038050393362244,0.00378354234994255,0.0115152770319352,0.00726858628095162,0.0112549397689303,0.0106856728689508
0.0580160983006691,0.00479151722028129,0.0673169763448808,0.0190010240002373,0.0439931873344091,0.059516975396535,0.0657666171844043,0.0260075981100183,0.0262787282946334,0.00538125152829726,0.0283184014498522,0.00156159910945326,0.017533382557413,0.000404091681045753,0.0266160331872639,0.000715439520581939,0.0309895703173981,0.010520863444799,0.00541534363960294,0.00437481189909485,0.00753492680560963,0.00107878124137018,0.0198375179873804,0.066448070935264,0.0186194519292722,0.0123644409615654,0.00164795694787857,0.0282343940740561,0.00819309090119789,5.74039766311294e-05,0.00772070822255968,0.0278503908863379,0.000713335110830283,0.0312329798854483,0.00473952507944284,0.0112578593199441,0.00462651362983407,0.0101750565838046,0.00411189878416349,0.0149116275081449,0.014038763056799,0.00347952153871217,0.0140738863525406,0.00395143388725879,0.0343237754035429,0.0446906897577528,0.0323531424721011,0.0370157889125212,0.0237380717421971,0.00845948558496777
0.0431407269100905,0.000103773063775422,0.0205452639871401,0.00549564726786531,0.0137054184972183,0.0127963313632515,0.00791960083518955,0.0187464406016409,0.0664606849098834,0.012715898244397,0.0151953513951433,0.0187649022540904,0.0123716492638494,0.038201004543747,0.00395035928749271,0.000513440581751282,0.00356748931032753,0.0475392029914597,0.00866672221954961,0.0238630304599209,0.0263151884814676,0.00845444224382619,0.0176030365515964,0.00554070632122239,0.0355600328090807,0.02033395580236,0.0184874399803645,0.0278804045935161,0.016734887133411,0.0973743696966003,0.0164423043897517,0.0290870325055724,0.00776340534950556,0.0920864838790306,0.00114545324155878,0.0209678702419608,0.00191890186295649,0.0116073070596308,0.0149973006442845,0.0118295562078177,0.00509081209240193,0.0111320482170248,0.00279464690731011,0.0621237590792433,0.00437683778456545,0.00246784974772993,0.0227426189299742,0.020486555588902,0.00257588892507526,0.00981596574447455
0.0177565315756993,0.00917832473966533,0.0160356464943802,0.00188902355256498,0.0102764571726145,0.00894587301907356,0.00245865920035646,0.00352318345539431,0.0389383984162717,0.0130427070674413,0.00112752209557519,0.0438531000542128,0.00832842954408528,0.0255180714678368,0.00622012973602544,0.0529637165719307,0.0183282081754609,0.00672030105291717,0.00584868124328131,0.00299942977760556,0.0790868437493838,0.069142870331752,0.011186442085953,0.00441906201189234,0.00605735913886846,0.0110702633772496,0.0261963111870136,0.011109172291005,0.038204141083818,0.00470136923646033,0.0139920946752674,0.0197492121235205,0.0300689883483185,0.0415535599667781,0.0130358625874217,0.0164395151619892,0.0337331639417198,0.0158259790980907,0.014823163242829,0.0768739894432921,0.00319587622787164,0.0191964582341704,0.000763007675548708,0.0136859874057184,0.00561841790401117,0.0111413155899116,0.0513050225455101,0.0224628199828553,0.0118204682939787,0.0295888686454079
0.0175766885120706,0.00477752883528829,0.00538141220894752,0.0192169248874812,0.00795550873394491,0.00632360522371786,0.0029210453530501,0.046555061927298,0.00666474710209031,0.0205705782412586,0.0130400535103646,0.00750852895326397,0.0348711141562877,0.0372267584806783,0.00225674334421307,0.0237604655914194,0.00743116866237279,0.000558426631266376,0.012121827790448,0.0114313619298344,0.0223708209441972,0.010372128783905,0.00797028791887346,0.00132802850668151,0.0188775344774829,0.0891750684586685,0.00617907543621338,0.0142437672021814,0.00191850805705288,0.000665353203410217,0.0275021754056268,0.0396761541429329,0.0165486535223344,0.00674597176142192,0.0914212028124935,0.00819836413095153,0.033947765366538,0.00528478371837906,0.0393962572508108,0.018889288972516,0.00959247362825086,0.0241708007924502,0.0271587125754319,0.0223194389098891,0.0173071673973402,0.0568779714538336,0.0511369268054387,0.00934311994561119,0.0210312523434013,0.0122013960003854
0.0725436477328053,0.00504825019482279,0.0121638256879796,0.000266374517679882,0.00939862943089243,0.00940500328480213,0.000900767565294404,0.0236096785393963,0.0159753875605384,0.0157459778713224,0.0197757199089303,0.0230747519777826,0.00892732582126367,0.0166680106402993,0.0152093032438936,0.0252554655304075,0.0112901303482169,0.0429430759652359,0.0229823524677623,0.0521348483235571,0.0138253782453686,0.00803095613075493,0.0186397659994556,0.0260493915841208,0.00225461117197883,0.0357772127380363,0.0143291520151573,0.0272828375599706,0.0209754833397084,0.0201823897547418,0.00280959859080051,0.0772798312229889,0.00352530174186536,0.00315237269070108,0.0830728297747277,2.13348506228723e-05,0.0366609901675898,0.00804818520678213,0.00488821995003972,0.00212134775898549,0.0270588041482209,0.0179623459975864,0.0117798400571351,0.00551771784561497,0.0815849603582261,0.0103275072923321,0.00375998722242177,0.000183032667095041,0.0130023834422974,0.0165777038617908
0.0297387631147935,0.00613508865112908,0.00455968742656137,0.0173447665316189,0.0243418610344511,0.00679683194452824,0.00115708839135432,0.00217110129586166,0.00415617559533746,0.00472147123383863,0.0639675188942557,0.00376429042201082,0.0321265099890728,0.0113850974104336,0.0484349648390385,0.0448875004068237,0.00845449146434921,0.0114129998467036,0.0415298373167736,0.0943695722015498,0.0634999868817538,0.00727220336619752,0.0223505397198743,0.00753445451665687,0.0149333160337269,0.00267337659519347,0.0114140529672339,0.0502957442990241,0.00335127333250734,0.0366359135947216,0.025885904521308,0.0173430548502405,0.00410811856853922,0.00326701960931039,0.00440120378843149,0.00761451370433205,0.0725546781679133,0.0055512295609789,0.0125437193594815,0.0171919331173448,0.017995205707232,0.0276989765789147,0.0103294677435085,0.00626969900231177,0.00649743259704134,0.0105249035461749,0.00151229572879073,0.000187177768820393,0.0518172173472092,0.0152897694147412
0.0161406412156775,0.00335684273941645,0.0307311067849395,0.0119123119141645,0.0612279944729418,0.0362293022357195,0.0105465716831784,0.0194390719264461,0.0242665826482923,0.0115152940980715,0.0193495208612858,0.0219114965028566,0.0153024851263046,0.0268311298534647,0.0200447940168655,0.00855960798486165,0.00362964554144696,0.00299824718847888,0.0317913987017107,0.00994459788735174,0.0211988606272418,0.0568763675808411,0.0522974964581154,0.00293742427761629,0.0103367446952678,0.00414000981804515,0.0310249941433003,0.0154736681806328,0.0206362119218511,0.00316514391327615,0.00912335317078016,0.0319117211069328,0.0200584271461561,0.00127859137630932,0.0232562718427365,0.0558469954602627,0.00385255353191581,0.00920953517992964,0.010009089916477,0.0228731419165959,0.00712830326492382,0.0384862449522756,0.0562879007076461,0.0181767772638314,0.0291306070541561,0.0163718514988545,0.0015709365505897,0.00264454702121805,0.00775743654760513,0.0312101494911412
0.0187795295307806,0.00108215207880579,0.00370542098296973,0.000866976031520074,0.002265588756997,0.0252208774117667,0.00515414351455553,0.0328144316075405,0.0211305762299424,0.00110598516140026,0.00636801733607032,0.00230290385477323,0.0657605399461196,0.0375730789876683,0.00087021655832928,0.0152304080628041,0.0539847540026588,0.00488829639168764,0.0013601722633415,0.0321941633603471,0.0543703295591731,0.00888732375252433,0.0597124152668551,0.0230966252220449,0.0239517899278968,0.0310105028990235,0.00876907542383935,0.0243158140294307,0.00530011544569751,0.0427523101443586,0.00456688226542223,0.0270340192116855,0.000389497087677331,0.00151660149418488,0.00905233959952642,0.0745493781576047,0.0188056697247947,0.00942262696542872,0.0176416638198536,0.0663625404285491,0.00313345716398916,0.00285299601901398,0.00901433941119574,0.0327754378802225,0.0241241857119686,0.0221311747863547,0.00674913527899009,0.0387412717969285,0.0078681203035941,0.00844412915209341
0.0323183248081597,0.0242447377175128,0.0149844014567748,0.0218773200898428,0.0121774599777548,0.0530305568967961,0.0118404951425228,0.00441679688491922,0.0188800106150916,0.0136369915400207,0.0341734763052973,0.0201872805326012,0.00323272952721856,0.00204134365045521,0.00179068385548823,0.00470534794637641,0.00906977141019331,0.00617391618677369,0.0486891034377269,0.0332345892068959,0.00604404824709284,0.0877601013178297,0.00808443150668657,0.0719082627634885,0.00924348825942758,0.0118598976266515,0.0153956463899504,0.00553553242678901,0.000245209598233966,0.0261768163806989,0.0474272020602015,0.0205952532905291,0.00308762990931652,0.0688832759858365,0.0251146527083754,0.0759348258006638,0.00101242759451938,0.0010993279691629,0.00931553036729731,0.0217192808297161,0.036539675168401,0.00964497750641919,0.00807836170294307,0.0146862113186877,0.00173853067566406,0.00985112703479998,0.011281000808308,0.00300586975828278,0.00665320860899111,0.0113728591966137
0.0158595328167082,0.00949676837856535,0.0105317376533719,0.0183257433648067,0.0178031572839375,0.00873589477597727,0.00387332666989362,0.0392809497363857,0.0528509622326823,0.0283853315621093,0.0120371538874991,0.00800768146679236,0.0085029222831372,0.000432192826043408,0.0307017069494057,0.0351041087153962,0.0234550202273824,0.00250639668751847,0.000565597859198611,0.0218055592043511,0.000196681115414092,0.00948207009188929,0.033723980228273,0.0575708052103941,0.0585664090375328,0.00162282035069914,0.00496009429369791,0.0146184823878495,0.00843011313952097,0.0165309117900054,0.0154565753772843,0.000260684700063106,0.0050358262932384,0.0287339316169785,0.00151240874972957,0.00594785172587848,0.00620977907456868,0.0253239579439385,0.00381737363283732,0.0978719533617971,0.0666577118001982,0.0304312895962577,0.00187800230536023,0.0111761628431332,0.0201476074002655,0.0258807518333608,0.0230952463103376,0.0536762123144299,0.0189087794684549,0.00401378142544922
0.00616731507761417,0.00264950217955269,0.0108715505934035,0.00305420363449894,0.0323251135352425,0.00424893965763884,0.0125195208654197,0.00971060392671453,0.0160234259789098,0.00736549526382415,0.0178490601776729,0.0376098851911493,0.0412148857035448,0.0139001126386815,0.0195124708406179,0.00300923262727018,0.0206023811063199,0.0098616329552641,0.00129187917003655,0.0114260882647274,0.0241744709365734,0.00766799381445616,0.0726035348486131,0.003537225338178,0.0151378424687869,0.0042533432666381,0.00661640777972694,0.00759904127078409,0.0554168503050986,0.0298646855061317,0.0571046253709226,0.0390420848344755,0.00781048730774681,0.0159237375286926,0.0257146056855507,0.0533747385650756,0.0187185755919586,4.76852257326661e-05,0.0325030845703551,0.0012105604890873,0.00504702882548306,0.00307617956969193,0.0180669092375546,0.010897601510729,0.00423757524098182,0.0104086665664579,0.0118024935828247,0.120719424486229,0.0523206107939106,0.00388863009344944
0.0153064685332814,0.00633031492546052,0.00075436144424733,0.0188071546563549,0.0693274496913532,0.00772187708129172,0.00790830618462637,0.0213240454149326,0.0350937499254572,0.00721884435432408,0.024899240794733,0.0441156396254683,0.0185378450990124,0.0049048896316491,0.0279417557671617,0.00264735747574676,0.0194648730126079,0.0245074144031521,0.0178862506665278,0.00384731620978043,0.0326296647925591,0.00777623409347473,0.00604209747024356,0.0086820537812939,0.0207092829435618,0.0100589449189287,0.00414940916089983,0.0116081064386828,0.0334213040729461,0.0500158490692898,0.0392420894096023,0.00431194972508672,0.00912389930564774,0.00578224181059322,0.0193492269301258,0.0188583405137438,0.0116276878321961,0.0212622012943353,0.0748929413296486,0.0468025680002919,0.00332872430414396,0.00553654669133274,0.0170038260374982,0.0140159570144004,0.0460320187197249,0.000417847349781218,0.0373935833781087,0.0224552637778215,0.00138837679979682,0.0375366081370709
0.0187549641162241,0.000816587555349317,0.00392416632763638,0.0131721408140686,0.0167432716243445,0.0235645312666156,0.0102401703216115,3.65737433502274e-06,0.00323731734071687,0.00559455525694825,0.0253986769887057,0.071204459311902,0.00415027950966924,0.0116163578804401,0.00590966490380193,0.000377083321260701,0.0081048691135641,0.0197186776775274,0.0781274902976705,0.026912523326378,0.00830730536967848,0.0155287010357299,0.0678154332786041,0.035690309144345,0.020570094239585,0.00553163188403499,0.0166555569584037,0.0143066340639332,0.0202917872800803,0.00898742774643092,0.0110739594009411,0.0011444281432934,0.0630539424436872,0.0156627119999502,0.0767549978830929,0.0613316105337949,0.01657466020705,0.0302261870572975,0.0107892436251511,0.0242568596083851,0.0248810968168537,0.0349964715996267,0.00610135489920432,0.0158126576418608,0.00387708700665646,0.00338481822537429,0.0076259850445211,0.00329051895294189,0.0199245158480912,0.00798056773263044
0.0150140742951587,0.0252162620088267,0.0143450128958532,0.0190421556142408,0.0494389018723507,0.0180758271800304,0.00873506395280546,0.0202485976227175,0.0280345069772235,0.00237074499858808,0.0257994793459729,0.0310936627059275,0.0239921128472029,0.020155070012145,0.0251413081509741,0.0014143867181344,0.0214291269855656,0.0426799484605737,0.0174310085873461,0.0082961260409117,0.00610855623035871,0.0360856985065316,0.00477894437680894,0.0241071951337026,0.0503907783375386,0.0230284609223165,0.00740049443031486,0.0574271082640163,0.000745812519248461,0.00212571361916318,0.0237614292827913,0.00697359296420434,0.0323443744821238,0.00840975525232688,0.0545961785111405,0.00364673473644715,0.023912498932627,0.0664016355273476,0.0127350624972829,0.0193538543589429,0.0222222140158149,0.00470648465848844,0.00289000060823541,0.00213171090228822,0.0081243513712965,0.000675502624502455,0.0345325486765207,0.00232401950757594,0.00572642055426259,0.034379490923232
0.00616865418153149,0.00359351385394257,0.00842942897865971,0.0320820843226281,0.00378158111074479,0.00440840452677838,0.0776936339182889,0.0221160229173539,0.00763229184464705,0.0178313147313994,0.0347309522283779,0.0258406689413873,0.0141591595756213,0.00471446351140051,0.00316570338336659,0.0296312213219018,0.00170426066577088,0.0107497526813895,0.00509244154235094,0.0418971950211205,0.00277349582030592,0.00561464870917543,0.0125812428676975,0.0169438418392612,0.00244349357159209,0.0362154446912622,0.0511268633163809,0.125733193304491,0.00468125984647544,0.0469179936970723,0.00267677098208362,0.0225534787583641,0.00176602248573957,0.0287251843254574,0.000382417982652209,0.046339102810459,0.00300875318181601,0.00505827281405493,0.0127818735737465,0.0128417881599377,0.00893471664514935,0.00250216233125134,0.00920972055602605,0.0902396363305596,0.0172447610355204,0.00231871795957801,0.00278128248409689,0.0253095003054782,0.00849823489402543,0.0363733754616281
0.00110955875527081,0.00274509001600896,0.0154469653159132,0.0481757613671594,0.000643180366978576,0.00665650699590037,0.0122267275357317,0.0234878099830099,0.00718336549301064,0.00593912831434114,0.0736747257905367,0.00927650612297621,0.0533566581682291,0.00303323962262766,0.00240822466272591,0.00446302544791801,0.00162935890457485,0.00185561852161065,0.00531900283704177,0.0009201714439447,0.0496544662311747,0.00371263149082116,0.0178231373556719,0.0033329677285739,0.0213003165559657,0.00647252452406962,0.000716020986439337,0.0153244864218936,0.0143050645499517,0.00023881232045149,0.0664716021122109,0.00351095970352852,0.0216773554693529,0.0717860603535066,0.0189501871662604,0.0141636820715392,0.0608765120810052,0.0217948179936024,0.0391448225083578,0.00221075885909303,0.0307103312354218,0.0109206692504348,0.0954340248683408,0.0140193650518174,0.0149511441791768,0.0380228474893,0.00297651047367572,0.03217008316776,0.00811568470177433,0.0196615274333178
0.00770439273686005,0.0517598559143528,0.017571688777288,0.0222478046665203,0.00395983263730353,0.0303723507878067,0.00314692426256008,0.0113498786565183,0.0176879352362484,0.00364106401493283,0.0143786816924218,0.00792479888188297,0.000582721048065677,0.00606254518187784,0.00454620200894101,0.00212344957368486,0.00178499978996239,0.0299777094168524,0.094314785149699,0.0709496237866185,0.0255837926371184,0.0153590345807469,0.000348019475141141,0.00343914109539441,0.0371712093174463,0.00985388204608548,0.0386154270959715,0.0171439802969681,0.0335074892679282,0.00420195901452097,0.0176796126618265,0.00429596389672704,0.0102180434074203,0.0152365507695096,0.00684584561450168,0.0139705164268773,0.00483286113025398,0.0956286676156747,0.00564856217515966,0.0223073862506535,0.00182923041470702,0.0193530551549216,0.0289894309117773,0.0286692568470866,0.00160312918834391,0.035482242672344,0.0491588277100258,0.0080205873028403,0.0336278432759633,0.00929120752566745
0.00805541353649787,0.034253235990558,0.0439657936976503,0.00466801171475066,0.0491456769237249,0.00352132240196335,0.00292122743917731,0.0238891179100558,0.0252569507640703,0.0173862093743997,0.0140079926053212,0.00967914996980586,0.00473128608747163,0.00792184175578298,0.012056005077955,0.0183294110188271,0.00135445016460978,0.0152591612009251,0.0123340908894937,0.0358154312368744,0.0159305594344839,0.0148980000108241,0.0724091974039434,0.00547289455351312,0.0109665841674071,0.00544244529154578,0.0427480517251465,0.0115360338706662,0.0153711525086061,0.0718712355487535,0.000628130097103073,0.0323795850950998,0.00147462688633736,0.00211398599309438,0.0248236325794423,0.0286245164610997,0.0349589005914829,0.00930237587350198,0.021217207632741,0.0106689197786472,0.0203677004254888,0.0152497745294023,0.00816161177575732,0.0916907741463794,0.00274192774441202,0.0206129224449533,0.00422678203525489,0.0103080152417518,0.0304334757234873,0.0188172006697588
0.00874806104310524,0.0328977082399197,0.0135497114761991,0.00282518847142723,0.0206680738189896,0.0146433132544999,0.0115449394773024,0.0539997909730137,0.009243755766204,0.0200141055376866,0.0260686212988513,0.0301481984239092,0.0124397385002094,0.0115009225333418,0.0421897089511762,0.0119387899959433,0.0426946562202192,0.0313814010439221,0.0386716606759573,0.0235236100447191,0.0443706746260506,0.00582767487558539,0.00658838098560802,0.0304232280629256,0.0238075222746902,0.0118624043242489,0.0131019475837917,0.00180633977569388,0.0245929076195913,0.0250117762817809,0.00956864388418336,0.00827796513524075,0.0919376257559724,0.00129253399898494,0.00120603186327732,0.00161829578135897,0.00136394022558481,0.019150189263902,0.00796283298725528,0.00215488550482125,0.0219497811652988,0.00581882864400094,0.0210724494733165,0.044136316639573,0.0183139512820324,0.0222701236590061,0.00460510083170218,0.0496336089006915,0.0182071604517777,0.00337492239545693
0.0154477380270226,0.00593708711714439,0.00479647193815498,0.0139148131387737,0.102896136591191,0.00792870768461807,0.0259195513833758,0.0182326237729329,0.00362676567915814,0.00720708551317371,0.012021166806396,0.0040751791719429,0.0219153367202627,0.00707544660430671,0.0875927909753089,0.00111371360856535,0.0892047320942117,0.0034047050452428,0.0636071351533175,0.00124263524179859,0.0442415633669823,0.0162132571269199,0.0467652686299735,0.000788734933177197,0.0212735543434827,0.0197679113282965,0.00169409053863273,0.00460349532331526,0.00281362826337563,0.0102620754472841,0.000108341789819302,0.0105268359073665,0.0310856636464382,0.010639826780312,0.0368678656219894,0.00687474866305018,0.0112125181586052,0.0248303664565523,0.00974481578790813,0.02948325660342,0.0106052752766188,0.00167864241666477,0.0373298668456524,0.0138595850254184,0.00516575153237594,0.0365738232374218,0.0246150136707266,0.0235188382780106,0.00424817428154795,0.00544738845176357
0.00212335805804033,0.0126242935283078,0.0128279800142085,0.0475442305811584,0.0304760995801512,0.0342215710754709,0.064162790721247,0.00263495026896103,0.025019056094357,0.0359193209197454,0.0385928061408052,0.0158999985399436,0.010487102877799,0.00849808384756829,0.00386971793096469,0.0286611899728094,0.000505776486931045,0.000610565809465455,0.00428949586314834,0.0102431001885616,0.0176705658597098,0.0563455955184985,0.0134726565900834,0.0136775162410218,0.00282439193450029,0.0124397019525847,0.0220906403675498,0.0150534298014794,0.0393472243384455,0.0207633956610015,0.0302991924630331,0.0134141644870359,0.038477559497084,0.0102816049386786,6.22732887247024e-05,0.00914334117760811,0.0321134413751123,0.00853724932175392,0.0295278628112551,0.065350137748078,0.031185445023902,0.00581625695826807,0.0195814477940493,0.021337684997479,0.0228228122214548,0.0106272388912396,0.00279453853284042,0.0398093432160118,6.84928250463136e-05,0.00585330566682535
0.0263856565590326,0.0137370177077259,0.0121518759885457,0.00142171117567694,0.0212792700847444,0.00318819859711886,0.0127795171548014,0.00334294634252055,0.118954022261153,0.0108275888642333,0.0179512111954688,0.0062259345976219,0.0709826964009291,0.0255993967772172,0.0380417111739637,0.00170244383234304,0.0269640616371607,0.030133108775059,0.016135837962172,0.00250521679716599,0.035012671668116,0.00179702627100739,0.00121811508370272,0.00777628837931841,0.00331514467050446,0.00366563963427825,0.0726766262394581,0.0230164420797697,0.00813396738089285,0.000703517692435682,0.00745143169039328,0.0125620653650964,0.00367984028840217,0.022902531370345,0.00221409114089789,0.016013870709355,0.03581825742424,0.0257224142659469,0.0702831973351137,0.0137403453359107,0.0191738715172742,0.0319576180235703,0.00750580986496296,0.000904275141515656,0.000413769437362199,0.0350321671571314,0.0269277364357839,0.00324980604355785,0.00220979093320139,0.0446122475358013
0.0281724655263911,0.0540575270854601,0.0094132621800496,0.0248405688024302,0.0208452228093595,0.00788608489084161,0.00562979303450356,0.00757708198816344,0.0641846460219991,0.00942968127159186,0.0257133193638293,0.010681282694138,0.0103438178034898,0.0194178853908931,0.0215976638962099,0.0195233721949582,0.0101972451031887,0.016072819128039,0.0137854393396643,0.0177451227663016,0.00430091714128151,0.0517207784835756,0.00262505389153938,0.0501545225226853,0.0388704254586053,0.0207723829959903,0.0495187743570291,0.102763133921441,0.0265799430255107,0.0135567308273978,0.00145380748132318,0.00658765895616393,0.019684776297683,0.00879073222895917,0.0139901186695954,0.0121918451307272,0.0179161592552891,0.0158440259617825,0.00403320402305503,0.0764832547502023,0.0127161187005463,0.00446054015158736,0.00870103134093805,0.0096056741900609,0.00412361268422972,0.000585935251882668,0.0033250593568031,0.015741818203506,0.00567602585434577,0.00011163759476157
0.00197277599118027,0.000149347499107763,0.00122112276749274,0.0472478925209795,0.015858776212058,0.0239285677015025,0.000463124854831696,0.047738023562083,0.00892091026996414,0.00124228924709253,0.0363099699051043,0.00301526590105184,0.00607828521146614,0.000516030298430754,0.0228575854275516,0.00188348748632913,0.135201771456986,0.0381524760598332,0.0344137497737481,0.0281053483992596,0.0223528813309087,0.00947116656342074,6.17478374786013e-05,0.0333883024923863,0.0104906228532776,0.0187651020086667,0.0480054263196665,0.00253290060112735,0.0179268545920092,0.000321327099893308,0.0262997983689297,0.0276497125072206,0.00257460789243204,0.00758539966927267,0.00403258647414295,0.00156428205081265,0.0164494422845922,0.00908017024242492,0.00263976194212929,0.00770529128176264,0.105499851428523,0.0896746959474478,0.00468744871041534,0.00794453454173747,0.00990645037570805,0.00319198944079074,0.0203583348050872,0.000711462911096502,0.00249169451181297,0.0313593523687729
0.033286820329368,0.0168459988296804,0.0203738182417033,0.00476331071155472,0.0800655353307451,0.0263059554981703,0.0666441777493498,0.0191741641671762,0.0174737203656934,0.00442805628430633,0.0464226066604977,0.00195513838170158,0.0140201016180186,0.0152767494423015,0.0290937505838871,0.0094195229315623,0.0160257942302495,0.0749537182062754,0.00555539542918982,0.00430476938866087,0.00693719960357739,0.00216346378770944,0.0365779933696138,0.00851812889773992,0.0402791658195171,0.021041192343708,0.0301590228951566,0.0131000235581794,0.065907139788521,0.00130605242308981,0.0250221053629625,0.00680312078040746,0.0095547247702037,0.0151785523751593,0.0136370903186032,0.00862241448055541,0.0202669709928242,0.0131810504560164,0.0283418364437932,0.00457330347040247,0.0220290521453232,0.00700567014970741,0.00783390630293026,0.0366652491215962,0.0107645597821264,0.00292521487615172,0.00838052541036082,0.0110705255725634,0.00780550728631641,0.00796013303509211
0.0271785196223871,0.00709287701852946,0.0596263703163496,0.0255310773529332,0.0169374635742168,0.0327898659327729,0.00149010407503703,0.0261606404793077,0.00332496181608385,0.0194894436616974,0.00732987616208955,0.0311369788889926,0.00167003879428844,0.0103212173922406,0.0152112305168507,0.00431525779306968,0.016728794584832,0.00987241349717874,0.00581687686757659,0.00701134611388686,0.0497118071457799,0.00791655401640096,0.0178700088889964,0.0253024753896562,0.00119979098469767,0.00902396388598443,0.00808913801068812,0.0431194510326727,0.0145963189758264,0.0172415466877616,0.0792184081893757,0.0102394557669065,0.0591124334264632,0.0373216378607292,0.00464279733315388,0.0311463613867193,0.0483704250936428,0.00322128409744554,0.00249151124849549,0.0496703855745022,0.00253381615845062,0.0140497442335543,0.00677205635252998,0.00158349530099682,0.00126377639874023,0.00029853584543841,0.0454443350972891,0.0112666654693993,0.0557778170010123,0.0124686486863699
0.000646166355838502,0.00546649669398179,0.00112173867649593,0.0530807205340617,0.0250050435740385,0.0302567106111653,0.00439697788371512,0.012767490500889,0.0287598995776917,0.0173065891365136,0.00747027244972721,0.000794360731643982,0.00325754088456297,0.0115992555454434,0.00739699748064676,0.0457254927409939,0.0109028853508173,0.0207523772761467,0.0216524957996929,0.00104047989512253,0.00127542331245386,0.000453349300701175,0.0131234224776812,0.0155572043616788,0.00192405839435149,0.0272107933823369,0.0131868974916269,0.00195495301623308,0.0169496907767672,0.0234467154929968,0.0174181613812409,0.0975124768308684,0.00389431875079348,0.0425033732253921,0.0187486458728132,0.00379892450722262,0.0547827965723621,0.0205413981933653,0.0405611608653272,0.0204721304406386,0.0138095919176315,0.00246806044584646,0.0450178893864747,0.0481329058003318,0.0181224210376524,0.0361405219963761,0.0359477892996806,0.0211578687242821,0.0200845929808323,0.0144024720648521
0.0113967904035704,0.0524904092031257,0.109368322963877,0.00095611977467793,0.00139418316383917,0.0564661565355621,0.0157614446126101,0.00413951493894396,0.0279015294477658,0.0138939701139697,0.00146991468500133,0.00883362160593662,0.027920020324825,0.00270218029954272,0.0397007825483364,0.0409641470545516,0.00940661178458632,0.00100095042221387,0.00232489232381887,0.0032830089521443,0.00641404007272656,0.0213426050937386,0.0024824398886461,0.0116427282518417,0.007750747572651,0.0113003076964634,0.0060668096542872,0.0496448070407159,0.0533654484413151,0.0706184059112244,0.00455945524481083,0.00307297199811644,0.00164779034136238,0.0214929274595254,0.00234622628473524,0.0466291293936775,0.0061906195699727,0.0175078991741525,0.0063735383688924,0.0266273142034804,0.0139650017140663,0.00305514821857355,0.0133605404746635,0.0260896211073778,0.0590477354250965,0.0277372887317689,0.00367144941645669,0.0114025983419633,0.0184308268591381,0.0147890068896606
0.025117051018276,0.0271350621109711,0.0299109602216279,0.0307365765703938,0.0301072065095667,0.00500955515251132,0.0297029056937431,0.00906398178214424,0.00134230079532697,0.0173414974583726,0.00733965349333606,0.0115370569947833,0.0582223676735393,0.0170510590570732,0.0286712879877127,0.0125527008707811,0.00440974691237061,0.0296475642380433,0.0121784696427828,0.120814892328448,0.0278852414694627,0.0141648169363591,0.0322371024761318,0.00517462881662957,0.0161370849964736,0.000419619888547633,0.0434120727071845,0.0116788372750868,0.000538903808747999,0.00920226113740865,0.0327142799484226,0.0424059919599529,0.0153509809312004,0.00034563239500469,0.00206216776577445,0.00144409571279579,0.0273545718799103,0.0145058423904497,0.032754188462544,0.0120101808036666,0.015045507300488,0.00430882070877923,0.00239931446125775,0.00157533941368131,0.0206598531572779,0.00598139186210811,0.0576280857698088,0.0257207210983082,0.00621676928948295,0.0107737986652503
0.0346528553329168,0.0110829206954999,0.0094369991543048,0.0313365687410844,0.000494641065156495,0.00344360683217417,0.00805427397616711,0.00645771707706363,0.0118651255053105,0.0143406104086338,0.0365094566921926,0.000462689637543274,0.0440161384854273,0.0511257421987363,0.0128124299474004,0.0140081445101882,0.00104814239182836,0.0164483424979381,0.00789520984336826,0.00876289350496189,0.00920757142285375,0.0158139917656008,0.0472528830674165,0.00263020540108234,0.0100286379968785,0.0374383190781602,0.00385159580716509,0.0281532308371006,0.0545578749164812,0.022380755785723,0.0319744285971712,0.0134650192809121,0.00409125497056099,0.0175096287699962,0.00995210152145364,0.017219612642565,0.00267388115400046,0.0267235949834581,0.00404030242475972,0.0206910294943305,0.0249280278639517,0.0734151297599541,0.0184260736545549,0.0641586326453561,0.0200890307272902,0.0440060219902546,0.00250260072995564,0.014050592285586,0.00793696361617548,0.026576498311355
0.00915423789617785,0.040982718091893,0.0447175954589099,0.0248208166953737,0.0112843397730427,0.0234733730590626,0.0567891986706404,0.0171074518157116,0.0146381029302315,0.000370557611311671,0.0561597746625884,0.00805375675814764,0.00132441386056032,0.0314435714102398,0.0164120429268655,0.0130963311190381,0.0069952150868481,0.0160382765079436,0.0149806673461999,0.0135158249015976,0.008044140984886,0.00380913305605004,0.0159853032128615,0.0308902145783638,0.0305180757365748,0.00627108184312252,0.0157766649461448,0.0283339545830447,0.0120136947867115,0.0156006505007265,0.00340473763524592,0.0557759615334613,0.0092984747529447,0.0133256501770972,0.0379689134752358,0.0118916396923549,0.006009585792335,0.00470804669287629,0.00057741521861825,0.028827576049443,0.0317817872966546,0.125366647738666,0.0335364156795835,0.0070014411822447,0.0111065494856389,0.00379863677467983,0.0190122178503172,0.000758878549024312,0.00327530562792637,0.00397293798478237
0.00120949066866982,0.0589463182457016,0.114913127116797,0.00797773649459944,0.00563518773335206,0.0264576326606057,0.0130174517891441,0.00325923003967819,0.0381430277816082,0.0232659308226087,0.000387784371769751,0.00998422649209995,0.0131874489981238,0.0264638502560673,0.00824614397763798,0.00168047532747111,0.0110189540600766,0.0245557870404716,0.0501779896411182,0.0308199666527488,0.00892535361440424,0.0154654538434904,0.0242751285808341,0.0694924874960254,0.0395131419477775,0.00987124007092692,0.0236114923129414,0.00292970551994482,0.00285675684221563,0.0419704549264071,0.00596990486366014,8.33322305610379e-05,0.04277037429442,0.0110675885413432,0.0262870893463438,0.0217000949346968,0.0281294433238138,0.0152227520196159,0.0195632759627835,0.0271759328814747,0.000155055814484482,0.027011902296263,0.00488907188633141,0.000342024476454899,0.00704486297683009,0.00337269517834637,0.00392807806373238,0.014909150575527,0.00530839887799039,0.0268099961300101
0.0406775169928923,0.0020593996163232,0.00820160569212609,0.0851875046440327,0.0422187703052642,0.034997770718279,0.0382015324376335,0.013392560097616,0.00706614947468582,0.0370538470273257,0.0286151441825202,0.00416587075474938,0.038256306555358,0.00589760707777718,0.0350409074058948,0.0305716646868852,0.0178538541704925,0.00288701895374082,0.027779039343507,0.0115210111454944,0.015330110408202,0.0252992392650915,0.026998475087565,0.0238595595405191,4.28599227976979e-05,0.000425055919719213,0.0259046323834185,0.0125817155759652,0.0164286907921984,0.0298701735329323,0.0144261177814346,0.0276379785338728,0.0176372517962799,0.00834355691732442,0.0129969225961678,0.0164365840904372,0.0124646928510341,0.000328853890901198,0.0385182552785794,0.0167863969420599,0.00516199842422179,0.0401050569935407,0.00240905611935429,0.0434541807865134,0.01596953372687,0.00282495984787538,0.00328953487830499,0.0147164686429261,0.00584276439382239,0.0122642417974726
0.0391598320684891,0.0253126262166946,0.00366639638257102,0.00816352044363108,0.00921568811011062,0.028246337993053,0.00616977365147674,0.0688437068232329,0.0127941479840331,0.0438233326706221,0.000455863662257458,0.00687509640441777,0.00497095617875525,0.0225328734048467,0.0316186361924771,0.0322239639401268,0.00458031256687156,0.00612976669350537,0.042224442356461,0.00957441727978249,0.0401179012149289,0.0265516577198123,0.0647935901502572,0.0104821667086549,0.00246048972892711,0.0216849343242249,0.00428727750180458,0.00463291123440387,0.0241242200518945,0.00876013678437737,0.00965612757496546,0.0430225991043853,0.0314630138590003,0.00554106197065788,0.00474003134109699,0.0269261339578593,0.0202344038844743,0.0324793873415815,0.0243016459274426,0.00332280471471946,0.0337573774066379,0.0109990093849206,0.0161975770798839,0.0149417672209442,0.00572502193046967,0.00731150769407413,0.0194114162887377,0.0422989556618718,0.0143172608204503,0.0188759203931249
0.00460028179457836,0.00508289624877258,0.0133433506020174,0.00225224818240991,0.00284095864717171,0.0137441647600737,0.0061434984806772,0.0100020529458333,0.0125940092233584,0.0150663535236841,0.00962637445135578,0.00672654965178328,0.0847215826102747,0.00144719724227027,0.00839494789467657,0.00878740766201666,0.00240276260471261,0.00951521158187696,0.0458022566993181,0.0165593528011325,0.00178021142141518,0.0643625153326327,0.0111259463061927,0.00273605701732773,0.0398269538025079,0.0105518838294841,0.0187038888566545,0.0116439247718755,0.00742379704045452,0.0275133943111127,0.00971516378538697,0.0071067174015285,0.0446966744745949,0.0272280342249818,0.00260658031939832,0.0121902174805712,0.045534703657799,0.0219141154892808,0.00573060989728703,0.00944649054209942,0.051504868144774,0.0368857310089876,0.039293001867971,0.0278731247751328,0.0125091705110234,0.0196914301328924,0.0289268608368472,0.00254986213281915,0.0865410613494891,0.0327335516694839
0.0312871713324405,0.00407035251610851,0.0145947230867421,0.00655993292398534,0.00574318548508049,0.0246229682895274,0.00899884759845809,0.00150142062506182,0.00903072725237851,0.0535281662987059,0.00070422594108817,0.006605866233785,0.0138019837345228,0.0426443748469299,0.024569609408779,0.0606625383063853,0.0478847040105338,0.0290745108641592,0.00117295659516138,0.00356753345560984,0.0485412598378502,0.0493067393958894,0.0532449836723227,0.00134066528450715,0.0273006708096896,0.00699252471279053,0.032519877991922,0.00795865060511004,0.00358688262590757,0.00132257849775841,0.0134065045737154,0.00938000226365522,0.0150228458202763,0.0343535533716344,0.0663304595007981,0.0138535944928258,0.049725934383002,0.0168063468014288,0.0268241812722931,0.029199211407496,0.000360323592539298,0.0106395534874385,0.0171171031022926,0.0100592112379851,0.0400388099106055,0.00740062108666399,0.0083738846749982,0.00594259453981342,0.000258213476884913,0.0021664187644625
0.00868719817666652,0.000364105581132492,0.0309190976305765,0.00548713481751361,0.013470502453189,0.01547766588887,0.0151897633656073,0.0309314123131823,0.00224392392136608,0.0736050913133221,0.0159425803268636,0.0493192944113167,0.0125290652146582,0.0149022698654487,0.0371823133027681,0.0373160029366649,0.0193364331766776,0.031217980584307,0.00966099644896366,0.0367887400901488,0.0205029772999767,0.0240638390933847,0.0311806175212444,0.0727033459872155,0.00640987654661975,0.00866942468550307,0.000945943590963281,0.00275025088865934,0.00599961706418051,0.0149586847324062,0.0217411649819736,0.0408857883910071,0.0279718501226935,0.0217634118038941,0.0241419890037787,0.00811137766682369,0.0155160601769343,0.0215374542780009,0.0122736238438904,0.0186114667926607,0.0237291505676771,0.017060719209413,0.00680238938972771,0.0172768082913172,0.00602472311193142,0.0181027755101294,0.0115212860126167,0.00751712228588467,0.0189083210819964,0.0117463682482529
0.0397975571331284,0.00435904188336952,0.0343214224685481,0.0101768427591697,0.00485340677710604,0.00463657026701686,0.0353816999444191,0.0246470014906502,0.0236023354246039,0.0135941938089272,0.0113227328768029,0.0136931647021091,0.0191734086072155,0.013785309360694,0.00266193547751805,0.00856589659267955,0.0210561617106972,0.0278865642003751,0.0712263892096603,4.90689872158717e-05,0.0140140633325543,0.00102442793736456,0.00661556844603489,0.0203587885150273,0.0155879434131816,0.0242758841422856,0.0219065867243174,0.030114189253746,0.0361581913429517,0.00363904061354464,0.0533451876172312,0.0150050539400614,0.000476499309123758,0.0232954253522271,0.0193157380933719,0.00128998816342139,0.012492600307809,0.0588590257364351,0.00811627954637857,0.0133655407957255,0.0387877438215607,0.0164188494077993,0.0190560204087185,0.0452617466954115,0.0673271081663834,0.0139333350845744,0.00576626154482522,0.0281779609950105,0.0010095904684195,0.000214657142597337
0.00853149557106794,0.018751256127009,0.00701973180226269,0.00528643680808122,0.0165557213045346,0.0217406645515906,0.0179178776288362,0.00243072418540637,0.0499759372552938,0.00214624151464134,0.00516864153244011,0.0208408964453041,0.0337017692829963,0.0129908495351512,0.0403477996986692,0.0144578765983534,0.067543233079951,0.043134313052978,0.00880243522259807,0.0189045424831449,0.022051013283528,0.0287753747458788,0.0285610120832963,0.0185793763694767,0.0121647129317717,0.00145140310889788,0.0119594446886861,0.0462371786167642,0.0235327598132152,0.00415502773702245,0.00629210823478194,0.00582976608570589,0.00506681520259567,0.0195042116133695,0.0264549769854972,0.00879979149869762,0.00268250169462169,0.0246365463766284,0.0250883030880238,0.0242622763841952,0.0482071024320189,0.00236295877229315,0.0419768514316857,0.0708566418472063,0.0254937824135797,0.000621464271143983,0.0106650346007812,0.0213337593909312,0.0110970235075168,0.00505233710987884
0.0309948375761857,0.0080934943439609,0.00472352994769222,0.00796022435939891,0.0621114539058341,0.0489857127803806,0.0368311379788489,0.00367767835353087,0.00895411586974991,0.00686214595956173,0.00315472091919965,0.123925973496832,0.00752159454386164,0.0698573300245526,8.40019511327048e-05,0.00466602671543144,0.0718278655760288,0.0281112243075035,0.00865841531286364,0.000245988509906249,0.00766670058421537,0.00815019224804271,0.00779905901699828,0.00923333181300224,0.0181339093795312,0.0310439679876695,0.00138443104099313,0.000248583581967155,0.00701659008002711,0.023813664216687,0.00536255933175913,0.0276679466703435,0.0195076564136029,0.00399170683866953,0.00740916845313865,0.0641445276924234,0.00104538828447619,0.0346047730864086,0.0236096437307633,0.0177800889903159,0.00713515067881181,0.0216070485293349,0.00410573258893083,0.0103606671219233,0.00425165527088884,0.0320385645968397,0.00799631990517148,0.0353798287879204,0.0126128950481121,0.00765077559857554
0.0054429096263915,0.0127040851033048,0.0132836046041832,0.0142446190181332,0.0180856529657685,0.0209984477411052,0.0099907612251294,0.0817572525412329,0.0130016836751346,0.0354954880200162,0.0607433585559594,0.00290851601800181,0.00832204549741904,0.0226760766225322,0.0106216443324778,0.0419142825130334,0.00407023193869263,0.00723132301589501,0.00998805431666165,0.0187136471958891,0.0481262460291305,0.0255494156764406,0.0211572444946874,0.0117169062045753,0.00753235971363062,0.0331753330152258,0.00923333134586591,0.00929731400180137,0.000983493625729038,0.00280973698300469,0.0409071078817746,0.00102578597175943,0.0454133468660278,0.0107521943313442,0.0268935690119194,0.0117422313927133,0.00531596842618148,0.0283771297149902,0.0622496608086754,0.00525793283141123,0.0427574830151177,0.0162258096329953,0.0012431050818222,0.0264101762260499,0.00926270976951946,0.00150131414190887,0.029908133875348,0.00275080595511136,0.021907092184017,0.0283233772642604
0.000753327735537701,0.00438042172338273,0.0104123292868885,0.0095625749642145,0.0247266147976496,0.00849243646884573,0.023818455538006,0.0280159402185009,0.00533580662224353,0.0273894551136284,0.00583746659588828,0.00668046986360695,0.0431802725945835,0.0615023371900844,0.0203955638545234,0.0586902966626057,0.0064976798301759,0.0223745859752858,0.0254887817905823,0.0237741322593816,0.0569872651704474,0.0450883418917688,0.0120812320394538,0.0220941490310027,0.0169269825569634,0.00785939865148987,0.00336359103014903,0.0388411054028728,0.0124188649424221,0.0243539393972732,0.0112093428116215,0.00421721922562246,0.0133387638492793,0.0240554573505532,0.0263401622925728,0.00755033578733602,0.0637262097460086,0.00499014240555566,0.0237441016563429,0.0102404331708873,0.0233454773771809,0.00456180968251598,0.0140395503952371,0.00916065628225624,0.0270047654405014,0.0494473019265738,0.00205601963381227,0.0114762551195072,0.0110064656960197,0.00116571095115729
0.00822590461270783,0.0119959747717326,0.00458408361888764,0.00433128023647145,0.0200749370398842,0.00558666684923905,0.0349705794484714,0.0397592132223367,0.0187435112427333,0.0391185570368035,0.0134948673531849,0.0090191055562083,0.0116529213501924,0.00492893722791566,0.011954794477183,0.033462223672492,0.017143975273329,0.0187104932174699,0.0159966179352733,0.00989812396076018,0.0213230435663243,0.0393509684317328,0.00149733163787048,0.00122715343047949,0.00486852724478488,0.0431707591723143,0.00217248132071593,0.0273428577675341,0.00953747841367201,0.0273136082131473,0.042877900498795,0.0244224990553573,0.00863789407557687,0.0431143949502201,0.0224377525216207,0.0198752684788592,0.0061920340598682,0.0761304402143628,0.0452460170398838,0.014250283244635,0.0419736842353373,0.0204445654265722,0.0188483054537758,0.0058499315079772,0.0019755628991791,0.00101594587407441,0.019335175100976,0.0646638680260822,0.0069106595306514,0.00434084050434337
0.0117231428595375,0.0219795449770371,0.00368941000593879,0.0209376654462718,0.0189588373036775,0.0114157185873677,0.0336587051504351,0.0109401074417429,0.00599574897832421,0.0268208330863433,0.000680700846867265,0.0109092044513859,0.028039220036367,0.0233910225795135,0.00362702844917739,0.0161332742999918,0.00256887619312614,0.00199158184976097,0.0169905998458179,0.0849536764381325,0.0484205635084995,0.02618826269774,0.00243844670295747,0.0305557968832586,0.048235025814005,0.0170103185935113,0.0152150616797472,0.0266776936074419,0.0172667714501664,0.0103590513409823,0.0360915457281637,0.0133424480192489,0.0334392326276992,0.00336400341957272,0.0126200367585117,0.00795364669551233,0.00779429032283865,0.0202998334297642,0.00378667972765836,0.0040464569952678,0.00223723650607752,0.0160714510551444,0.00424568067911932,0.058528005985404,0.00780573231584017,0.104197535240211,0.00393499646924017,0.0214859492874409,0.0321296403097471,0.00885370732241114
0.0942297684671456,0.0226047285330059,0.0464614617393302,0.0433616982351848,0.00715767499269304,0.000676675488917707,0.00490290262180619,0.00498348022364348,0.0271648044989376,0.0299189624014575,0.035136760126689,0.0496280855152234,0.0117226024277154,0.0154248856178331,0.0237580723418136,0.0111082216613678,0.00182931355169292,0.00576861364048835,0.0166412716720346,0.0163435490387457,0.00381290636007725,0.00498623431960819,0.0200242293644523,0.0212387369541752,0.00921393015721806,0.0186656986730394,0.0136335531689908,0.0775100624066241,0.00644785794814501,0.00686377129398009,0.0337480912660716,0.0119262350792357,0.0346698746973494,0.0093806629006857,0.0459040121413784,0.0340228674642667,0.0149876232476464,0.00494808082361455,0.0138023309515522,0.000837471259305014,0.00133379403408588,0.0175053066836193,0.0294529364873238,0.00289216963071104,0.0224110527106538,0.00185587537841649,0.00768056397996784,0.00899177853222245,0.0305042912402844,0.0219244680495734
0.0111323962573419,0.0144943557658254,0.00379849777074085,0.00430388695395183,0.04148705072824,0.000942184204218438,0.0568485346895167,0.010619640616622,0.00352872254607615,0.050622692580125,0.00318039741386982,0.0635592331374868,0.0216888933819659,0.0367087497109817,0.0114080368506989,0.00350802874486282,0.086393524435051,0.0198861855828326,0.0027321954815451,0.0107047649200922,0.0379180672450992,0.00919133802908251,0.0280408050567033,0.017376520020504,0.00280767963006701,0.000261385476152876,0.0446489215920663,0.0182133456882904,0.017273480667594,0.00104462220624464,0.00921632169431274,0.0419894800601657,0.0638122814892493,0.0161073991245349,0.00843737347001099,0.034670217470079,0.0105572195286507,0.00736777693945443,0.0349343069555709,0.0337766860242058,0.0017199563566957,0.00366306907801667,0.00488380484263299,0.0153380898430401,0.0112532824300751,0.00915064632668737,0.00289208779332649,0.0188972251636008,0.0369492787195025,5.9359306338252e-05
0.0100729081697503,0.073880987116841,0.0943174871896184,0.00947082068463222,0.00728216392267414,0.107340567754379,0.00702506872767996,0.000566029882384113,0.0455946525207129,0.0246803906580777,0.00332824572364813,0.0155945382154987,0.00139655333005012,0.0351509300232082,0.0261561903312868,0.000238025375726589,0.0204777985395107,0.0122972557095498,0.00346310360687987,0.00429644870436985,0.00110148220029549,0.00197096643440695,0.0109575342621513,0.027782810199923,0.0286901101304384,0.00131481199122179,1.59830510127278e-05,0.0182618751460285,0.00799717316699102,0.0120908253946386,0.0347177778002827,0.0264419506973053,0.0323795250162857,0.00254640914021918,0.00088968698078181,0.0228454840121293,0.0651050216931542,0.0561726179456517,0.0210568291112283,0.0113398895381201,0.0252131077842457,0.00404564038748725,0.00790613366599206,0.016878548279737,0.0259212817341865,0.00882934139759594,0.0012151330549881,0.0153353920349183,0.00542691760438654,0.00291957395771777
0.0556677990384432,0.00761675976112537,0.0216664972713442,0.002488191643694,0.00124213785457826,0.00728984187919048,0.00602631005008004,0.00617543250663227,0.00954853474526364,0.010003656426722,0.0193749168792867,0.0828189557116646,0.00489563467020332,0.00581184237471717,0.0247542893665656,0.0181447435118366,0.000770749468818921,0.0172634029845809,0.0217831017214743,0.0303681004528702,0.00889442273614125,0.00409145322688375,0.0310830907608391,0.00298267411801429,0.00778862424856792,0.0151815475764298,0.0329998666024557,0.0362995003525418,0.069629767777132,0.0512301540984656,0.0169482003348146,0.00508216468536392,0.0319971243215684,0.0106458721078511,0.0063402701088783,0.000142346456364093,0.016877115922626,0.0267310856075292,0.0291417574352561,0.00481627936759371,0.0910155913071422,0.0102054832072954,0.00567280505924895,0.00762170488493481,0.00568315409995111,0.0153687250442842,0.00708592540914871,0.0215678352430409,0.0468060416964497,0.0263585178840955
0.0188451448991649,0.00316228724691854,0.0259118351400646,0.0199223961284689,0.00368951123968625,0.000770628422330127,0.0141668186043522,0.0112350204529404,0.025272161991298,0.017489944201824,0.0202281753698242,0.00979026117452066,0.0141781722152084,0.000812009237427334,0.0514552529924079,0.037679314632914,0.0267690791450233,0.0626081727901742,0.0227843791538112,0.0489134394300268,0.0205041722276506,0.0138059421381102,0.0215965416668846,0.00610587157665226,0.010800128268912,0.0443012330159719,0.0137836297810456,0.0209530868874993,0.0298402452268591,0.0420926802470123,0.0230863142250989,0.0685262595546653,0.00950727953540821,0.0163825778323656,0.00166854282013241,0.0313427904658265,0.017060681296972,0.0180736118621588,0.000111515136957108,0.0105615577251528,0.00267972938285415,0.007826171782485,0.00188346245095555,0.0231842286018468,0.00489658021256042,0.0467533419857448,0.0226225909488051,0.0178797296082975,0.00218138697043716,0.0143041120962923
0.000886419313012141,0.0082357951247753,0.00611356619408978,0.0189548806099176,0.000251591207687674,0.00211676255903665,0.0330122220009416,0.00375263253696958,0.025580866751413,0.0359007878864764,0.0339355370710515,0.0164975835151212,0.000609755696564344,0.0464560597048142,0.00217157354444923,0.00275076606649608,0.00905497404060307,0.0357144665210904,0.00980093414690625,0.0478497406730365,0.00293343742900243,0.0144230570197284,0.0599020288148132,0.000176590703129197,0.0137258437071882,0.0124183010923181,0.0378845689648228,0.0277438068269095,0.0512734204028005,0.0209040873574371,0.0130133544938931,0.0318831708687919,0.0413872207686771,0.0344830465702099,0.000960618295436095,0.00115924719425771,0.0574082825870524,0.000204314911921063,0.00594240025599492,0.00724097539026536,0.0115290716812239,0.0110732490601927,0.0100238686628886,0.0401527546323109,0.00923511285552844,0.0166329192726166,0.00383312182181586,0.0275570405224841,0.0469794215666088,0.0482687511052287
0.000889449600524063,0.00128179339525273,0.0498217416855103,0.0195904154817197,0.0303370750545502,0.0201584689245457,0.0333911368983298,0.00155334997199948,0.00225119585327019,0.0038641284885148,0.0411221004228243,0.000676062389346222,0.00344669193189639,0.0098735473502809,0.0111076818364275,0.0264818830445865,0.0129186262441521,0.0183244057869187,0.00134280831449035,0.00734442279949895,0.0732501718772788,0.0171940743354314,0.00478310833130963,0.00726928283527992,0.0257081874821635,0.0203907607916442,0.0169849502763132,0.0479573799741634,0.0592550517853697,0.0151656928767022,0.0225427527493292,0.0139553070027101,0.00959426466000517,0.00862153361081353,0.00313089268957131,0.0169548551460841,0.0269457492567445,0.0135389450642342,0.0273238414006513,0.0826548991319677,0.013017738918087,0.0262971495037037,0.0459324711872134,0.00806794520536734,0.00226490765432607,0.0235910928337389,0.018243222297586,0.00724716716867793,0.0252756657968804,0.0210639526820133
0.0117611779516276,0.00805972119747689,0.0116562138135492,0.00742645862844176,0.0490655167878198,0.00020845195564454,0.0146010641236399,0.0027341692412032,0.0110858540185679,0.0249637831882325,0.0345816925842554,0.0249077908318047,0.00908282723528578,0.0224153379887203,0.0166772771322842,0.00369981665724555,0.0225726898093531,0.00338210988504191,0.0338738036630837,0.00981404626541191,0.00512446090759306,0.0115209082656187,0.0825773730982047,0.0130665744766635,0.0493753243761028,0.0106474151814229,0.0340990306629102,0.00272410154342963,0.021098685173108,0.0137528909190408,0.0291721835333296,0.0519515983782009,0.0336205740423403,0.0479276845953391,0.0194130246572396,0.0119639421348953,0.0294911514547043,2.8269137183891e-06,0.0169393657773461,0.0156092083747136,0.021693515412643,0.0501147793514569,0.00100196150292376,0.00206472454342882,0.00424835175076875,0.0281063483415704,0.0360132789808555,0.00578824384473765,0.0109073363173118,0.0174133325296921
0.0169616136902814,0.0115851652602836,0.01202299942121,0.00441316650516705,0.00407798816218438,0.0150201630918265,0.0191427114132314,0.0124076696586069,0.0155843869014683,0.0103366776886743,0.0509780290404803,0.0189397012413953,0.01942139695497,0.00743059853506674,0.0549663773826157,0.0418359852723557,0.028020179092429,0.00564209129104745,0.0825032316190434,0.0108238539520213,0.0247282557466613,0.0182249441910895,0.0213541749838821,0.0188325710496222,0.00538546771597904,0.00148448894368882,0.0297076846469318,0.00442499199320374,0.00273282543027434,0.0191396621357625,0.0403145120242827,0.046796379857467,0.0203549337088254,0.0252620825554209,0.020637510595422,0.0594803459976975,0.0074078342985768,0.00639215884369626,0.0124687447270413,0.0110286311268509,0.08158481467244,0.00093451398564399,0.00740472049548185,0.00502263638526667,0.0170217401618597,0.00834255119511369,0.00624214052984386,0.0143444423142175,0.0109260102256659,0.00990424328773204
0.0260434842373244,0.010324385810379,0.00507727038255345,0.0132731738751599,0.00419702780846528,0.026392630463206,0.0181065359666299,0.0347532928611985,0.00703303024566931,0.0143614274917861,0.000961647465209288,0.068850327333761,0.0121408343183399,0.00278310785302663,0.0265850003079681,0.0298371385044981,0.00943330357052957,1.6153525280936e-05,0.0379585695586531,0.00675577045086205,0.00397380050147782,0.0030433712794555,0.0015703383555527,0.00252530867461893,0.0967640252955795,0.0190126821675898,0.0229792094693153,0.0126951732006326,0.00169403272684731,0.0131076817080154,0.0161699619830405,0.0247346904809301,0.00304455916238836,0.0176073651801721,0.00278744269974072,0.066652404964958,0.0161825534825138,0.0131181057640284,0.0363753328519564,0.00750911446597194,0.0232319955896044,0.0235963930893936,0.0235922044847385,0.0403348996371518,0.00180151016145841,0.0442336646454913,0.0180710403267158,0.0231666374055115,0.00996892446775412,0.0555714637468947
0.0211868037121484,0.0217705072979986,0.0100358484303262,0.0447027511852808,0.00356414880816262,0.000646435665917396,0.0786068111421264,0.0642790591245503,0.0165071566336282,0.0326257926501083,0.0672069768702536,0.00303673816329407,0.00406355778844464,0.024973274623227,0.0190833950480763,0.00774634147424509,0.0283326098069152,0.000365506753830312,0.015623406591648,0.00964634998900754,0.004778307663137,0.0300431426448071,0.013989960424081,0.00165430844126907,0.0141517005407947,0.017694382669733,0.013864521619346,0.0202815436233193,0.0204229341120791,0.00512457848766897,0.0457550879759975,0.0410313769268005,0.0202838588021141,0.0347911488858322,0.029566729694717,0.00317097622247381,0.00535225751699158,0.00394295448848931,0.0023332258264291,2.0194955645094e-05,0.0283996160641164,0.00257491922024375,0.00774187991620903,0.0126130512024855,0.0291179602839796,0.090617587831993,0.000655910789778414,0.00507286671775913,0.00561286365597515,0.0153366810365454
0.0144214094177168,0.0154493844898812,0.00530016018049786,0.00684945582205618,0.0134283896003233,0.0214540822191791,0.0113710422263693,0.0218156780308821,0.00758026757696174,0.00731483224469625,0.0196566917741856,0.00819713293023786,0.0364699906505743,0.0513721199126889,0.069452374799492,0.00215050777796037,0.0106247952980869,0.00404722199879083,0.0359451439485896,0.0487819697247667,0.0636428312463776,0.0275083918296877,0.0411985795639183,0.00247759958427163,0.00244444641804019,0.00750214486460031,0.00599408056746364,0.0486453545600493,0.02597365317518,0.0085958243702485,0.0254543201767925,0.0134383824850756,0.00819253792784353,0.040488081012997,0.0268165192074671,0.00760270283615422,0.00228028920249659,0.00416346594067003,0.0149064054531882,0.0021440407353319,0.00205624702224391,0.0250851935623269,0.0517046058287155,0.00489961631679595,0.0196419448523843,0.016430462098889,0.0124743376818073,0.0144275594523633,0.014831368971714,0.0472963624309687
0.00653106766627488,0.0129514636157131,0.0211168324817726,0.0246466228471571,0.0200616832095378,0.0328070191497113,0.0104688915106269,0.0177859232393473,0.0110623695363146,0.024732867661109,0.0232309716487846,0.0365758412308779,0.0337627387668171,0.037047184880067,0.0476672516484056,0.0183238675646612,0.00760517525204766,0.00439911888269686,0.00762013070035774,0.0152068730444473,0.00376107224503959,0.010987575848024,0.00369286461880638,0.00152796252559358,0.0414214509941359,0.0216039564796108,0.0167126780843462,0.00896233386902744,0.0250898412803044,0.0293014870282526,0.0266877708395189,0.0139522059795702,0.0615063578615705,0.00181835782588308,0.00562615606589366,0.0333628042239019,0.000444993848568109,0.00677559072903458,0.0311607740406156,0.0172377313379234,0.0300674023991766,0.0315956747302084,0.000493499276882651,0.0057637650844593,0.0521430650038248,0.000601066530825186,0.0531717406491669,0.00528711525649019,0.0143954833755783,0.0312433274310395
0.0335064644207298,0.0171797093699513,0.00222950823857134,0.0341300406643654,0.0414844081932249,0.0375281958527832,0.000177561620819638,0.0168691700997965,0.0038375753080183,0.0102903304112587,0.0206699926284188,0.00424545794847431,0.00808228766217677,0.104117870874278,0.0179120782916586,0.0167681850993259,0.018700363467272,0.00855900623665279,0.00679597492987826,0.00928112176549574,0.0635913664412042,0.01523951068344,0.116629251324798,0.000975855221650911,0.0354377043343929,0.000828302976945882,0.0016817892053276,0.00579031715853626,0.00361448225387595,0.000626793665438178,0.0244149772461243,0.0138341568340016,0.0284648482239901,0.013835462787781,0.00589078944388118,0.00641944654747613,0.0948585906876769,0.00416656072536903,0.00609936248091398,0.00200724697317644,0.0164133095794262,0.000800226294854214,0.0253966720801809,0.0149194695367653,0.0112872821021877,0.0437499190020879,0.00483704632011221,0.0101710823736606,0.0112466844940484,0.00440618991752464
0.0628003767007955,0.00682214604753592,0.00603342196695339,0.00315843001742531,0.019854629795478,0.0332020878202669,0.00220136265200295,0.0210601438636758,0.0492798552244821,0.00666684823318443,0.0330481302087111,0.0267312491606219,0.00125803670551017,0.0122982652975054,0.00228803445736168,0.0447911747659838,0.0373988226798939,0.00360324720341178,0.0109557096622317,0.0361714910062081,0.0205781871491303,0.006347532979929,0.0130886781573051,0.0664090024839396,0.00879806175240253,0.00834047226655248,0.00152704997750235,0.0287431116484494,0.055907185150296,0.0197756928522314,0.00583432348780651,0.0311317864384116,0.0222272534882731,0.000934512130365627,0.00629167467990832,0.0245425936380899,0.00415853529317377,0.0104477278597013,0.0358215363720596,0.0102607820448695,0.00234388562684003,0.0128579992803716,0.017716459391212,0.013161896114755,0.0121413355709562,0.0182487714868657,0.0271500237892059,0.0754829994182434,0.00767562491834499,0.0124318410835682
0.036265750437422,0.0204950046591814,0.00386655485003012,0.00389398806530496,0.0026844637835252,0.0409265719976933,0.0432860574330967,0.00525098295636224,0.00540853265172418,0.0638813390642484,0.00240724397920655,0.0120617513059414,0.0181642907367103,0.0179893146327735,0.0146042898535685,0.0154479125814822,0.00699508979252925,0.00248862422434782,0.0256666012119304,0.050392356423381,0.0340687728379507,0.0185338918948787,0.00504334966655068,0.00471060803794211,0.00191228888217775,0.0302301090498054,0.045818481876722,0.009290215574054,0.0107612456227703,0.00481437770164591,0.0347744424915037,0.00477082069336503,0.00935008754269844,0.0310895082880228,0.0147053663657101,0.00194021752330447,0.00231893533438606,0.069160695141219,0.0297868136753122,0.00976069535660395,0.0181931352669613,0.0053138101556723,0.00466522794656651,0.017350498187949,0.00148449679921062,0.0615096491576321,0.0397584692582702,0.0356260414961951,0.000566511281777837,0.0505145162526822
0.0280210583675593,0.0308108585010599,0.00661066773175914,0.00834473322716433,0.000429890219460851,0.00325825119063232,0.00702843781414969,0.0022204070579022,0.0220747107539985,0.00438904905242752,0.0165773540812909,0.0156635310288587,0.0148105313420329,0.00265953821421124,0.0473775707600596,0.00328347854817369,0.0586491896605092,0.0158704121472694,0.00258281449800343,0.0321665300434622,0.0279428281261493,0.020263278925287,0.00140503076464436,0.00752440449848495,0.0333234897034601,0.0160001528259618,0.00780985283240895,0.042456207489037,0.100336877219504,0.00829098983089479,0.0255166394297197,0.00688699071984026,0.0175841667417764,0.0128639748611923,0.00635517097644948,0.00835716985563693,0.00877816320223589,0.0698713364831237,0.0622280954005038,0.00110486412727478,0.0188052769367262,0.0419521438700795,0.017074997195859,0.0187745688377799,0.0145577842003652,0.00381244099527504,0.0318826256056342,0.0335333317173285,0.0106733662992363,0.00120476608814629
0.0222338239320602,0.00357609464380568,0.0165688013985376,0.00225057888656003,0.00818116052044567,0.00910285035511981,0.00603446389958965,0.0595384387187216,0.0418232783231436,0.0336512518567698,0.018958488155806,0.0023771342570832,0.00252399659109131,0.0103856193543168,0.0134024458652571,0.0245210862618168,0.0366937670845808,0.074940931087568,0.014357306848819,0.00293699463587459,0.0102837502894936,0.0516651813848566,0.00909453266145826,0.0029981174701015,0.00325766612404639,0.0174938604381377,0.0593600849580804,0.0221555204989904,0.0228486910187935,0.000268502691945996,0.0540870631898135,0.00692848150093324,0.000444488375393107,0.0023674985754613,0.0233938321981128,0.00243673673609169,0.0120896951732675,0.0112068776143357,0.00175054735992046,0.0217966771676309,0.0147259956687436,0.0271070877796206,0.00954218484421102,0.0302555560121362,0.00732639762887472,0.0320842035448948,0.0480774271323016,0.0623000005629956,0.000607874236845827,0.0279869544855444
0.0605680496689644,0.0257688052278401,0.013335467534355,0.00881211406811162,0.0193994779609551,0.052052202244004,0.00899658995045137,0.0385022656366914,0.038626274553084,0.0094351487257401,0.00974722098405542,0.0511958522504964,0.0224032890764879,0.000645612344815353,0.061325216420385,0.0146841873988858,0.00273374937670867,0.000660842878369392,0.00997856832953978,0.0146900859998931,0.00288856338616813,0.0340237854628232,0.00054998429288628,0.0130154341222105,0.0289888977820365,0.0122934177563728,0.0107611630514309,0.0108506134000576,0.0240945097978536,0.00643892799414104,0.00492347720524217,0.00226914295772526,0.0255793705926578,0.0219988550692432,0.0622831536013609,0.00492114539354876,0.00605085241120456,0.00551057998334673,0.00471790631459936,0.00286824737918287,0.0390663241664874,0.0277492604083742,0.00563881752247234,0.0179131466734238,0.0280952094055344,0.031314571595464,0.0263734177305529,0.00764363529469078,0.0557290493062515,0.011887519312822
0.000918900672636959,0.095118581157731,0.0128320813089893,0.0337256535696145,0.0760139511084497,0.0268664239057587,0.00352216114258921,0.0164248880157624,0.00719112074792562,0.0187985012230982,0.0223319256762176,0.00481244524742611,0.00641445649208172,0.00927768698566866,0.0130437077864445,0.00312593348036414,0.0372700131410406,0.0110041800510875,0.00113151152254538,7.36840935070242e-05,0.0206473156778129,0.0667583343721324,0.0199159483637868,0.0539372504811332,0.0251874102627156,0.0250977085116694,0.00290506458510906,0.00154872133330428,0.0224398005030911,0.0134117078475513,0.0118206875820168,0.000459540500240555,0.0195108024155564,0.0349665140103103,0.0168243285477969,0.0249510895537759,0.013412823658503,0.0221118627368902,0.013021089655244,0.040833857264447,0.0265904818416344,0.0351573465654494,0.0123920465249791,0.00987077692066097,0.00403567819801545,0.00895876585302051,0.0132374859621724,0.0145835887794028,0.000506934854821438,0.0250072293078177
0.0255597632836587,0.00244145999044708,0.012447443719955,0.0226879527191795,0.00946225231877884,0.00102183379640658,0.0104246806433874,0.0443217536169479,0.0256675122622393,0.00307663881831199,0.00562907715897005,0.0707222839481514,0.0177865371176976,0.0642404997629521,0.0287676198755655,0.00987375322190975,0.000806578499938123,0.0324964313639613,0.0961755849349096,0.00563145909114565,0.00566530469739747,0.0127374371207841,0.00360170897871326,0.0421427202030858,0.0133650790085494,0.00102204494148139,0.00373748069220242,0.00090435292736118,0.0201357184485273,0.00611928773153341,0.0271180418588527,0.019290483820608,0.0157314848803575,0.0142589403568064,0.000525110406435401,0.0201235334083163,0.0255219372009393,0.0375453378443186,0.0581214199483125,0.0107362538713934,0.00613118406315521,0.0150673396097267,5.49331383822219e-05,0.049166392155035,0.0051100940599997,0.0122992256043719,0.0572615510096767,0.00922286904751822,0.00755019439781418,0.0104914224238307
0.0407963113067731,0.0687058041082361,0.0139446750277847,0.0227286255402198,0.0327004361413328,0.0443724996237368,0.0123452892235884,0.0218146405152986,0.0248478245423982,0.00827427893380761,0.0142259980842343,0.00862019358773698,0.0012766915345452,0.0127565348943078,0.132563419130859,0.0272450485506742,0.0216437246719917,0.00596304718861635,0.0238943212668694,0.00762430494395149,0.021239288458346,0.0052973434128719,0.00369511996872988,0.0189872934839958,0.000499013803314563,0.00818135122262887,0.0511630722847522,0.000583951032330393,0.00497191644491839,0.0607168085583144,0.00287452499321886,0.00289908776811174,0.00925110464692081,0.0090686822749498,0.0275385889107214,0.0183032158436698,0.014100209638839,0.0135508864466044,0.00334646900263794,0.0119459336473634,0.0178188417349823,0.0343644529154548,0.00204908219673073,0.0148784730357231,0.00637729007113854,0.0142299260167139,0.030594906409571,0.0398737830089699,0.00410358890889773,0.00115212504161607
0.0167001720449262,0.0229376514957748,0.0132800245891494,0.0069366071365533,0.0329905845926432,0.0199060765158444,0.00301085510874306,0.0173453440799026,0.00252712986684767,0.00310901254036182,0.0514727244420616,2.16156817778709e-05,0.0271964050377917,0.0266711058458038,0.0248254893838359,0.00548482173409265,0.033064885914161,0.00474407943569875,0.059982244708762,0.0125128166354841,0.0529311530875108,0.00983687295701129,0.00307189116408849,0.00102970985379296,0.0209907721499902,0.0577552750492147,0.0163846865093851,0.0482471990109223,0.0196734276851474,0.00621942873265774,0.0157023184172389,0.00683727935698549,0.00387615899395648,0.00293917568136254,0.112154937927224,0.0213494047300009,0.0247501667459115,0.00477249356234286,0.0193228417166463,0.00179606284344697,0.0564175104983689,0.00337874570760794,0.00465731330237207,0.0200185825362319,0.00361323410199907,0.0473773784756605,0.00239124330568106,0.00427204187099129,0.00729444501970417,0.01621860221633
0.0250113940741329,0.00289611569966819,0.0146424193388831,0.00436713670529828,0.0197582935280356,0.0390623053808252,0.0241588961437789,0.0256098087880631,0.000512575669543414,0.0141453754706702,0.0335133801565915,0.0228230534188851,0.00683914058105089,0.000933974415365866,0.0303143566781635,0.00617628065348124,0.0278049626387243,0.0052461945228769,0.0276084295336504,0.0829415355150275,0.0101041657478106,0.0189506546157835,0.0134893080492388,0.00980681089534471,0.0311019002374611,0.0258208711311815,0.0349237903781458,0.0111786822518459,0.000957520015609285,0.0196097020288161,0.000254820568067172,0.0292063356933923,0.0293800239772673,0.00475376035254882,0.018355838273468,0.0372136482677184,0.0058834638414031,0.00115469742681944,0.00457323640726026,0.0195363891895381,0.00591397901159556,0.00701018397529842,0.0152309982028224,0.0814566573371561,0.00784070414717476,0.0184500945953065,0.0154845928994474,0.0131079833089755,0.0578319858749953,0.0370515723857917
0.0072550074442954,0.00460530387359175,0.015213177674335,0.00871714919331444,0.108062461669792,0.0247189866017482,0.0155339680558422,0.00156927554242868,0.00554517442216205,0.00462605811684929,0.019867434158282,0.0700658533480088,0.0525088283364127,0.0128238283263087,0.00468610511857109,0.0115441943218477,0.0177793185955767,0.0116312785018242,0.00343203847022254,0.00350471032999475,0.0129557146400861,0.0179985039219691,0.000310034955866281,0.0391801933989163,0.0655303297580516,0.0196868872012328,0.0587984652545738,0.0166018952218637,0.000161834201144783,0.0234498439615206,0.0207464389619378,0.020647236908835,0.00737854220044604,0.0110267572225871,0.050514520234797,0.00221902984637851,0.0096718406311937,0.011709942783192,0.033799001357602,0.0144275512035193,0.00268033205717236,0.0139528491405331,0.0113579512766881,0.0731757993699858,0.00788574316369757,0.0149187427788361,0.0257440485355637,0.00203576289883975,0.00479784241092912,0.00294621240063262
0.0466995299371159,0.0110159906969265,0.0278826855126153,0.000991242734843912,0.026622774027157,0.00244777277092869,0.00146680933419189,0.0339288049764385,0.011629974962716,0.00585052131297938,0.00866393256676724,0.0833812815071879,0.00907054190958435,0.0112664301848376,0.00814506261724757,0.00828241616408457,0.0345093957965629,0.00834234912196272,0.0309174839678427,0.0486191160089833,0.00373794474498313,0.00182697764284848,0.00424946663396162,0.020356441673179,0.0103488473202327,0.0148756257004026,0.0295234405676647,0.00744866666599809,0.0182789668505954,0.045981799512645,0.0405814314901307,0.0557316828812254,0.0491465769745233,0.00912364525011002,0.0394791608250186,0.0216077873878422,0.0297306738716503,0.0402603276764316,0.0125723829153155,0.0503644526523024,0.00564106767877665,0.00389958797626398,0.0213206817817129,0.00307611877648649,0.000684653866905561,0.00524377490609927,0.00457754818071836,0.00581256839349466,0.02170911425141,0.00307446884009753
0.0362744035079782,0.00724619785971912,0.0311429838842962,0.0476297103153273,0.0284668623491044,0.0254949121723209,0.075877065260628,0.0212997292848751,0.0133884672426565,0.0043299088822239,0.0154072541222803,0.0240293498739586,0.0180776641345009,0.0440074699069864,0.00239484268353882,0.0145008723564982,0.0156098449064483,0.0395189931029562,0.07302888894511,0.0230357975981827,0.00859112277517036,0.0485165123586409,0.00155784651586684,0.00152035046161658,0.0506429088202275,0.00525905499132164,0.0097983641309966,0.0030535301725955,0.00932424263842785,0.0031120581979581,0.039209763356224,0.0136026109187951,0.0143633717445873,0.0650228419077923,0.00398079797621326,0.0129708588893952,0.00361674996567446,0.00741778570585554,0.00862527581642,0.0137892908809974,0.0194248643639034,0.000285268489828852,0.0110507379171032,0.00602864007601344,0.00695839742896069,0.00604145872533774,0.0162427458744576,0.00350824126444134,0.028362895773535,0.0173601934720522
0.0530742685005549,0.0287618678401954,0.00234132185960181,0.065401626288232,0.0390219649405348,0.0655644717838875,0.0278107213550793,0.00538522155143329,0.0113695442036113,0.010994812879297,0.0175568135379905,0.00287837294238785,0.0252876328108408,0.0184010413374628,0.00784767794781248,0.0106166940587203,0.0108668914287358,0.0163106688932345,0.00959350714737378,0.00537101471526457,0.0118937613432849,0.027511501864847,0.032485388837177,0.0750322198384125,0.00749996041381496,0.00391558187604357,0.0173570013480056,0.0091914674094344,0.0143495267217021,0.00178110871253487,0.0149728650217045,0.029754357752325,0.0406614697944809,0.00389087321545774,0.000555730988633618,0.0277333087953301,0.00599449718738802,0.0557173883040175,0.00911310656842854,0.0049985934090355,0.0101994945527364,0.0139715246483523,0.00224945325746957,0.0246490591717477,0.0113488435579228,0.0328227286458888,0.0204181776287264,0.0153492726604977,9.33563279609274e-05,0.0400322441243884
0.00390886151613973,0.00134833634206106,0.0126773078832149,0.00482560708995198,0.0105696658786402,0.0446618853443584,0.000825995624560733,0.000295668818289534,0.00782575151465252,0.0267662167589456,0.00842846506138349,0.0307992125583097,0.0103319134622318,0.0214399637753753,0.0119920886213456,0.00422269280573851,0.00971170010882487,0.042136189753959,0.0541164865281033,0.018612683321455,0.0135758275661279,0.0341248757978727,0.0436746023813742,0.00424145738269886,0.0292371361142808,0.0382566909411922,0.000508714665610183,0.0329435672051177,0.0139270574528204,0.0764583369008704,0.0139561122012445,0.00918589617073219,0.00553846788439819,0.00307311270805617,0.024055061156685,0.0295776185430598,0.013591507878192,0.0063857932179452,0.0151137457909472,0.0199186560641878,0.0384879051293874,0.027085286394991,0.0320812105790366,0.0187251980744318,0.00625039112538015,0.0169317945511588,0.0457146709837471,0.0104261573676682,0.0335140955819662,0.0179423594212782
0.0132677892558507,0.0101276802644259,0.0021066459360838,0.0356494935407213,0.0113426639566652,0.0103484613372178,0.00286404295866763,0.0199396386620473,0.00840912213087706,0.0239846111789512,0.00457621438086687,0.079626599647807,0.00685803917367458,0.00996636419049964,0.0149285968963327,0.00653840256376268,0.0415356365233347,0.0210163923128857,0.0515276053271497,0.00915380482540081,0.0205370462485303,0.00775839520505259,0.0749956162984638,0.00190228514318293,0.00441347858428001,0.0088178157713416,0.0622604909121162,0.00432308689047001,0.0208990937296862,0.00646262885635237,0.025288804959083,0.00196420465557341,0.0234029827120181,0.0119345992527972,0.00820627603204663,0.00221066924765119,0.0313914410552838,0.006028709764422,0.0086241849125784,0.0413317435654562,0.0908059967023208,0.0201343429089326,0.0106588956643842,0.00221775704995372,0.00239280230681276,0.0148380140935861,0.012041430490784,0.0412384268653322,0.0442050574457006,0.00494591761258452
0.0311681475995724,0.0187186193975016,0.0310624819774128,0.0021642123632739,0.00749846856104042,0.00779149508902257,0.0079127504921731,0.0315458811651975,0.00598812628311391,0.0124240943919921,0.0549468263661606,0.0111029351818824,0.0858357845943094,0.0196968331568371,0.00334887273527139,0.00398465307129942,0.0317675668379539,0.0067862323478047,0.0026889852794046,0.0132801066691937,0.0119493990312406,1.05434241273792e-05,0.027629256616623,0.00990135867227532,0.0152988220690553,0.0117965324975517,0.0311458016848221,0.0195700723426136,0.0341380796712355,0.016542170987196,0.0527081250435248,0.0112778210748522,0.0230508126827249,0.014175704658576,0.00524584086799801,0.0109512258034184,0.0111647863072951,0.0295216294932962,0.0823337309491228,0.0505586115163678,0.0149951374223072,0.0269116707842475,0.000244203483738175,0.0689853680408002,0.0194373644688786,0.00127163392190914,0.00225109931368408,0.00277397751649574,0.0044431691439726,2.97694963266859e-06
0.00681080563906592,0.0384907386874067,0.0179226875441608,0.0393520633509742,0.0288376135657931,0.0486713866467954,0.0104149698625372,0.0162401216106361,0.0122613902358973,0.0194896898988106,0.0118316012166525,0.00188434390541976,0.068318994186389,0.0297313199334386,0.0142003799439146,0.00274566499500202,0.000489352202133851,0.0489996397069292,0.0420610176724503,0.00304226758016486,0.00121838533363212,0.00591076015704464,0.00569596091512958,0.00970640969811586,0.000939697803935801,0.0119765484873689,0.000712195726548134,0.00254958623751325,0.0697884932187497,0.0227205965168779,0.00424710307926399,0.000782011348537932,0.0396577392298736,0.000592669989670114,0.00172475378316681,0.0200419102486651,0.03175382358601,0.0257504875494477,0.0182672546341441,0.0176035228967919,0.0265125598380164,0.0456100715032674,0.00735555254322198,0.00183983789449626,0.0300049608414483,0.0163973938963249,0.00428620743983637,0.0114248062911451,0.0830865943608983,0.0200460565662861
0.0565646552010066,0.0125649860964553,0.0114982397930904,0.0285097945873619,0.00562703894377061,0.00423863649808885,0.00302520436390413,0.0117459753338475,0.0393291866614245,0.030917889235581,0.00156558425581029,0.0100661827936436,0.0131804657704549,0.0326812945908985,0.0434980032185025,0.00200129119361283,0.00460868971928413,0.0238191040678839,0.00496081377650813,0.0144772750927681,0.0232731725051864,0.00967660024836022,0.0234801301523985,0.0907741612062126,0.0117600525866027,0.0517390518686609,0.031624898266544,0.0110013997822731,0.000893238693293402,0.0549482548077939,0.00603687066578061,0.0157891897357302,0.00321982246781025,0.0234070529187581,0.0593918426757572,0.0234706407982313,0.00814756889031895,0.00848014033388886,0.0108942799616953,0.0335104969661209,0.0328379781817012,0.0107397440314851,0.013906720047127,0.00397475457998844,0.0120885320042608,0.0122940850956336,0.0311431061334129,0.0112253336259421,0.00566314683815484,0.00972742273697874
0.0227069095872256,0.0272763366448347,0.0214031295614552,0.00633246982648635,0.00806377902131871,0.0160339895215197,0.028997534608536,0.00322324605560742,0.0554714136287024,0.0605910621809146,0.0174875168056779,0.010591587106794,0.00617782721085167,0.0405157743953893,0.0280006128323736,0.0197338005817601,0.00156099561119228,0.0354014502838284,0.061987487212253,0.0364446315703769,0.0168308642027146,0.0563056307002015,0.0183333637776246,0.0236473575869844,0.01408052861595,0.00328530012487789,0.00177409765227687,0.0189244777698245,0.00930837758801827,0.00569543412476598,0.00643987349162769,0.0020823494344416,0.0354736490612566,0.0072047285712337,0.00661415363825233,0.00142989713156199,0.000543029454487498,0.0109038675497434,0.044855062909389,0.0171194259085166,0.00976737002036074,0.018918298111478,0.0178056404284246,0.0234516889114134,0.0240962656922679,0.0148436197689816,0.0136710646138721,0.0293454100650231,0.0367800497749164,0.0024675690724152
0.00993603659891448,0.0193667504612474,0.00214646392411458,0.0057875214974486,0.0190962842174901,0.0292280443138475,0.0106803122124572,0.000729586471758537,0.000855434617134636,0.00111483554127561,0.0155834900658256,0.00513986315582063,0.0111097905474229,0.0174035503083801,0.00376599926566539,0.00253189285661746,0.0870580538010987,0.0358397732218933,0.0245452349836836,0.0366844551103023,0.0237476941152006,0.00649053788390251,0.0146131154338003,0.0622771058899362,0.0071208683263136,0.0255147055279205,0.00669022419527867,0.00221541704647451,0.00727474431325919,0.0198898883460084,0.0144989023469085,0.0179314790140898,0.0669388082459645,0.00975710651049873,0.033234286375901,0.00118344330312326,0.0336345062606327,0.0186460705105949,0.0258808867968329,0.0103235477576981,0.0213953169279775,0.0102988786265408,0.0272779666085171,0.00206877818736846,0.0508039659726128,0.0141258265145113,0.0818522912282801,0.0069468033694077,0.0299421471686055,0.00882131402344094
0.0345371183463515,0.0551956577422516,0.0137144225565191,0.00245568800111976,0.0281163249222035,0.0334061080699001,0.0378900256488319,0.0502173781468919,0.00655514091034351,0.0215552126209628,0.00963015392618488,0.0167581435286361,0.00318175074045447,0.0140674342886045,0.0245426569439872,0.00470779851247696,0.00334550838088365,0.0401508603607137,0.0126533867164233,0.0117516948152224,0.0220254910067562,0.0114905371418752,0.0173777624964122,0.0372273895915037,0.0113896035381722,0.0118567293359293,0.02075938569737,0.0663183753052084,0.00518931799566671,0.00951721195451801,0.00623286959158043,0.0197729564289545,0.0451812609734392,0.00889932713716798,0.0109397580741093,0.0157389577706887,0.000959918151572862,0.0617332471215922,0.0384747187195447,0.0255552679814784,0.00521755897689872,0.00238497222587598,0.00938779093592783,0.0335698637031247,0.0294886500258348,0.00267575928764239,0.00633291476566543,0.00356585761551667,0.0321254678156947,0.00417861345531567
